frame,time,ix,iy,linf,l2,l1,jump_cells
0,0.00050249263,20,58,8.164260e-02,4.383374e-03,1.093625e-03,
1,0.00099748537,17,63,8.846511e-02,4.519378e-03,1.160739e-03,5.831
2,0.001499978,20,67,1.078378e-01,5.700506e-03,1.523814e-03,5.000
3,0.0020024706,21,58,1.230721e-01,6.371482e-03,1.825498e-03,9.055
4,0.0024974634,18,64,1.122411e-01,6.453799e-03,2.147676e-03,6.708
5,0.002999956,21,59,8.656661e-02,6.114260e-03,2.155578e-03,5.831
6,0.0035024486,23,71,7.611343e-02,5.953882e-03,2.426928e-03,12.166
7,0.0039974414,23,71,7.547883e-02,6.343355e-03,2.864341e-03,0.000
8,0.004499934,25,73,7.715730e-02,6.154838e-03,2.813558e-03,2.828
9,0.0050024266,24,71,6.603917e-02,6.364076e-03,3.162460e-03,2.236
10,0.0054974194,45,73,8.752292e-02,7.257326e-03,3.681807e-03,21.095
11,0.005999912,26,73,8.772651e-02,7.113901e-03,3.648667e-03,19.000
12,0.0065024046,40,51,7.836214e-02,7.314354e-03,3.963575e-03,26.077
13,0.0069973974,46,54,1.164260e-01,8.346471e-03,4.451757e-03,6.708
14,0.00749989,39,50,7.721020e-02,7.737980e-03,4.324268e-03,8.062
15,0.0080023826,43,52,7.842827e-02,7.801240e-03,4.529811e-03,4.472
16,0.0084973754,47,54,1.150575e-01,8.667677e-03,4.905126e-03,4.472
17,0.008999868,45,53,7.739665e-02,8.014044e-03,4.797017e-03,2.236
18,0.0095023606,44,52,7.631384e-02,8.206162e-03,4.984467e-03,1.414
19,0.0099973534,49,55,1.003960e-01,8.829501e-03,5.299616e-03,5.831
20,0.010499846,46,53,7.724637e-02,8.631965e-03,5.375118e-03,3.606
21,0.011002339,50,57,8.597872e-02,9.096010e-03,5.691806e-03,5.657
22,0.011497331,27,69,9.996961e-02,1.034486e-02,6.256557e-03,25.942
23,0.011999824,27,68,1.083955e-01,1.057931e-02,6.492455e-03,1.000
24,0.012502317,28,57,1.145885e-01,1.111238e-02,6.767787e-03,11.045
25,0.012997309,29,71,1.270857e-01,1.174186e-02,7.105032e-03,14.036
26,0.013499802,27,62,1.084899e-01,1.142850e-02,7.076709e-03,9.220
27,0.014002295,53,69,1.112362e-01,1.104330e-02,6.933296e-03,26.926
28,0.014497287,28,67,1.787675e-01,1.200863e-02,7.231690e-03,25.080
29,0.01499978,31,72,2.113391e-01,1.354789e-02,7.816152e-03,5.831
30,0.015502273,30,57,2.206576e-01,1.469778e-02,8.098457e-03,15.033
31,0.015997265,31,56,1.945870e-01,1.480076e-02,8.237458e-03,1.414
32,0.016499758,33,54,2.991805e-01,1.665034e-02,8.756139e-03,2.828
33,0.017002251,33,54,2.196822e-01,1.580523e-02,8.631115e-03,0.000
34,0.017497243,36,52,2.333826e-01,1.525660e-02,8.629835e-03,3.606
35,0.017999736,37,52,1.679573e-01,1.507867e-02,8.792926e-03,1.000
36,0.018502229,32,57,3.044439e-01,1.774629e-02,9.320359e-03,7.071
37,0.018997221,33,71,3.273351e-01,1.714534e-02,9.608677e-03,14.036
38,0.019499714,35,73,3.100343e-01,1.882965e-02,1.046754e-02,2.828
39,0.020002207,34,72,2.062726e-01,1.810100e-02,1.097947e-02,1.414
40,0.020497199,36,74,1.835341e-01,1.896605e-02,1.188312e-02,2.828
41,0.020999692,33,68,2.024785e-01,2.084769e-02,1.340250e-02,6.708
42,0.021502185,34,68,1.680756e-01,2.213019e-02,1.427352e-02,1.000
43,0.021997177,33,67,1.800430e-01,2.390116e-02,1.534467e-02,1.414
44,0.02249967,52,52,1.665056e-01,2.516697e-02,1.631078e-02,24.207
45,0.023002163,60,68,1.888025e-01,2.578195e-02,1.673876e-02,17.889
46,0.023497155,53,75,1.854617e-01,2.629256e-02,1.724748e-02,9.899
47,0.023999648,37,55,1.751687e-01,2.633608e-02,1.756228e-02,25.612
48,0.024502141,35,59,2.388575e-01,2.587350e-02,1.759079e-02,4.472
49,0.024997133,37,56,2.140915e-01,2.577230e-02,1.761055e-02,3.606
50,0.025499626,38,72,3.666002e-01,2.665926e-02,1.794241e-02,16.031
51,0.026002119,42,52,2.895948e-01,2.708433e-02,1.790995e-02,20.396
52,0.026497111,38,56,2.758138e-01,2.661630e-02,1.759247e-02,5.657
53,0.026999604,39,55,3.857791e-01,2.827307e-02,1.796765e-02,1.414
54,0.027502097,43,52,3.146023e-01,2.889116e-02,1.784387e-02,5.000
55,0.027997089,44,52,2.664965e-01,2.799261e-02,1.737699e-02,1.000
56,0.028499582,40,55,3.246953e-01,2.861444e-02,1.745964e-02,5.000
57,0.029002075,44,52,2.897441e-01,2.832413e-02,1.698129e-02,5.000
58,0.029497067,45,52,2.472928e-01,2.654636e-02,1.614150e-02,1.000
59,0.02999956,43,53,2.546897e-01,2.554570e-02,1.559657e-02,2.236
60,0.030502053,44,52,2.298840e-01,2.414846e-02,1.477857e-02,1.414
61,0.030997045,46,52,1.776683e-01,2.197444e-02,1.384855e-02,2.000
62,0.031499538,44,51,1.532551e-01,2.039905e-02,1.327292e-02,2.236
63,0.032002031,46,51,1.318234e-01,1.903867e-02,1.242104e-02,2.000
64,0.032497023,43,51,1.194855e-01,1.805155e-02,1.172444e-02,3.000
65,0.032999516,45,50,1.242979e-01,1.710276e-02,1.112946e-02,2.236
66,0.033502009,44,50,1.073386e-01,1.627406e-02,1.042240e-02,1.000
67,0.033997001,39,63,1.000134e-01,1.577392e-02,9.938381e-03,13.928
68,0.034499494,43,71,1.071561e-01,1.483845e-02,9.498623e-03,8.944
69,0.035001987,43,70,1.105088e-01,1.409240e-02,8.907512e-03,1.000
70,0.035496979,44,71,1.088336e-01,1.352491e-02,8.487700e-03,1.414
71,0.035999472,43,69,1.349127e-01,1.346345e-02,8.311341e-03,2.236
72,0.036501965,43,68,1.246844e-01,1.341063e-02,8.019178e-03,1.000
73,0.036996957,45,71,1.120981e-01,1.334569e-02,7.811374e-03,3.606
74,0.03749945,44,69,1.790512e-01,1.403190e-02,7.848351e-03,2.236
75,0.038001943,46,55,1.342309e-01,1.394539e-02,7.653013e-03,14.142
76,0.038496935,45,57,1.492632e-01,1.365560e-02,7.466154e-03,2.236
77,0.038999428,45,69,1.809257e-01,1.374374e-02,7.340502e-03,12.000
78,0.039501921,47,72,1.682367e-01,1.274829e-02,7.006828e-03,3.606
79,0.039996913,46,57,1.954895e-01,1.315899e-02,7.020308e-03,15.033
80,0.040499406,47,71,1.833826e-01,1.358781e-02,7.109371e-03,14.036
81,0.041001899,48,72,2.088276e-01,1.346749e-02,7.177744e-03,1.414
82,0.041496891,47,57,2.364715e-01,1.550648e-02,7.846722e-03,15.033
83,0.041999384,48,71,2.310365e-01,1.652363e-02,8.441488e-03,14.036
84,0.042501877,48,56,2.548039e-01,1.676296e-02,8.831218e-03,15.000
85,0.042996869,49,55,2.439014e-01,1.779952e-02,9.219655e-03,1.414
86,0.043499362,49,56,2.328433e-01,1.758754e-02,9.430539e-03,1.000
87,0.044001855,49,71,2.233725e-01,1.711917e-02,9.448302e-03,15.000
88,0.044496847,48,69,2.124735e-01,1.579065e-02,8.999230e-03,2.236
89,0.04499934,50,71,1.734603e-01,1.499844e-02,8.850294e-03,2.828
90,0.045501833,50,71,1.621652e-01,1.471123e-02,8.799833e-03,0.000
91,0.045996825,49,69,1.359788e-01,1.341436e-02,8.357094e-03,2.236
92,0.046499318,52,54,1.503475e-01,1.375364e-02,8.509943e-03,15.297
93,0.047001811,51,71,1.372683e-01,1.438306e-02,8.852011e-03,17.029
94,0.047496803,50,69,1.053238e-01,1.401542e-02,8.886407e-03,2.236
95,0.047999296,53,54,1.590148e-01,1.499846e-02,9.442208e-03,15.297
96,0.048501789,52,71,1.446562e-01,1.592773e-02,1.015498e-02,17.029
97,0.048996781,53,72,1.104639e-01,1.584107e-02,1.058220e-02,1.414
98,0.049499274,54,54,1.807936e-01,1.747625e-02,1.154325e-02,18.028
99,0.050001767,76,70,1.563710e-01,1.915608e-02,1.271966e-02,27.203
100,0.050496759,54,72,1.494613e-01,1.996549e-02,1.351296e-02,22.091
101,0.050999252,55,54,2.063844e-01,2.226498e-02,1.478089e-02,18.028
102,0.051501745,76,56,1.732417e-01,2.424381e-02,1.608683e-02,21.095
103,0.051996737,55,72,1.601783e-01,2.507455e-02,1.675470e-02,26.401
104,0.05249923,56,54,1.840270e-01,2.671505e-02,1.773103e-02,18.028
105,0.053001723,77,55,1.984896e-01,2.824703e-02,1.879257e-02,21.024
106,0.053496715,75,54,1.450923e-01,2.821439e-02,1.905359e-02,2.236
107,0.053999208,81,61,1.374438e-01,2.898946e-02,1.967203e-02,9.220
108,0.054501701,77,73,1.748227e-01,3.039859e-02,2.079417e-02,12.649
109,0.054996693,76,73,1.364509e-01,3.049710e-02,2.116766e-02,1.000
110,0.055499186,57,63,1.288545e-01,3.142316e-02,2.194967e-02,21.471
111,0.056001679,60,74,1.525193e-01,3.318336e-02,2.325781e-02,11.402
112,0.056496671,54,60,1.507496e-01,3.363909e-02,2.372962e-02,15.232
113,0.056999164,58,63,1.461013e-01,3.496527e-02,2.476639e-02,5.000
114,0.057501657,61,74,1.963257e-01,3.662858e-02,2.599769e-02,11.402
115,0.057996649,82,58,1.654377e-01,3.681451e-02,2.628092e-02,26.401
116,0.058499142,83,58,2.207406e-01,3.846496e-02,2.750642e-02,1.000
117,0.059001635,62,53,1.799202e-01,3.953906e-02,2.836803e-02,21.587
118,0.059496627,81,73,2.017190e-01,4.037742e-02,2.896630e-02,27.586
119,0.05999912,83,56,2.930793e-01,4.170703e-02,2.984017e-02,17.117
