candidate,N_CELLS,mesh_variant,mode,epsilon,radius,fit_half_width,regularization_operator,tangential_regularization,regularization_iterations,preserve_modes_through,topology_valid,interface_elements,interface_components,open_endpoints,curvature_fits,curvature_fallbacks,exact_mode_amplitude,raw_mode_amplitude,regularized_mode_amplitude,raw_amplitude_transfer,regularized_amplitude_transfer,raw_phase_error_deg,regularized_phase_error_deg,raw_L2,raw_Linf,raw_relative_L2,raw_relative_Linf,regularized_L2,regularized_Linf,regularized_relative_L2,regularized_relative_Linf,utility_status,row_pass,row_reason
h3_helmholtz_l1,32,uniform,2,0.02,0.001,3,helmholtz,1,30,4,1,28,1,0,28,0,59.722432511,88.986529597,70.8490219683,1.49000176074,1.18630502794,0.0154987370587,0.0268037638378,156.399628033,189.570264121,0.156305693804,0.17975144219,22.3896123991,34.8831362872,0.0223761651102,0.0330763587042,0,1,topology-only coarse point
h3_helmholtz_l1,32,uniform,3,0.02,0.001,3,helmholtz,1,30,4,1,28,1,0,28,0,159.668531205,138.133217719,94.5123013205,0.86512487261,0.591928168983,0.253569431605,0.299549191078,158.779125564,209.751989123,0.157896694329,0.181863351438,50.6673909681,96.286445096,0.0503858017591,0.0834841932912,0,1,topology-only coarse point
h3_helmholtz_l1,32,uniform,4,0.02,0.001,3,helmholtz,1,30,4,1,28,1,0,28,0,281.67008644,162.801447552,93.0371908615,0.577986287465,0.330305543046,0.0141562083485,0.00457702463118,179.943880498,279.318377098,0.17638430024,0.226430880103,138.410938488,238.51901443,0.135672946828,0.193356666753,0,1,topology-only coarse point
h3_helmholtz_l1,32,perturbed,2,0.02,0.001,3,helmholtz,1,30,4,1,28,1,0,28,0,59.7096014982,74.1702520575,61.6424894994,1.24218300234,1.03237147716,8.93987006188,8.05854273904,159.892918953,229.495646202,0.159815552712,0.217487070118,33.183114762,63.5249572925,0.0331670586859,0.060200954003,0,1,topology-only coarse point
h3_helmholtz_l1,32,perturbed,3,0.02,0.001,3,helmholtz,1,30,4,1,28,1,0,28,0,160.822993956,182.129380613,125.273326098,1.13248345982,0.778951585324,7.10628164348,7.20443486575,163.0903472,219.472239458,0.162109664511,0.190283063084,36.5350586185,75.3613637832,0.0363153687341,0.0653385192326,0,1,topology-only coarse point
h3_helmholtz_l1,32,perturbed,4,0.02,0.001,3,helmholtz,1,30,4,1,25,1,0,25,0,327.804110817,109.557363443,57.0816220866,0.334215953456,0.174133332082,5.35076176558,4.83820119513,264.120126977,558.100810746,0.258327592004,0.437671894815,187.955205553,334.89377663,0.183833077058,0.262629243601,0,1,topology-only coarse point
h3_helmholtz_l1,64,uniform,2,0.02,0.001,3,helmholtz,1,30,4,1,52,1,0,52,0,59.8045228912,64.4743605006,61.1587485624,1.07808502407,1.02264420157,0.00265654293051,0.0153660521619,47.8676330827,77.1450523567,0.0478434194846,0.0730091520566,9.13110289632,18.0961049813,0.00912648397448,0.017125936659,0,1,ok
h3_helmholtz_l1,64,uniform,3,0.02,0.001,3,helmholtz,1,30,4,1,52,1,0,52,0,159.611265503,149.239982054,133.739187433,0.935021607554,0.837905689245,0.195474232299,0.149597931795,49.2150321076,81.2009547051,0.0489469744308,0.0704937687903,22.0672510598,46.3914169261,0.0219470581878,0.0402742286777,0,1,ok
h3_helmholtz_l1,64,uniform,4,0.02,0.001,3,helmholtz,1,30,4,1,52,1,0,52,0,300.704251406,267.657353627,219.362941605,0.890101660936,0.729497307001,0.0164408908252,0.012601041371,64.2927891559,117.186591189,0.0629861920073,0.0919216889328,59.0802711883,95.847275153,0.0578796059988,0.0751830335045,0,0,amplitude
h3_helmholtz_l1,64,perturbed,2,0.02,0.001,3,helmholtz,1,30,4,1,51,1,0,51,0,59.7675460135,68.5370694289,62.7978198149,1.14672717888,1.05070099081,6.56932175078,4.3627313373,68.2050231345,144.516915281,0.0681699070755,0.13676358921,25.1943015935,54.6468996944,0.0251813300478,0.0517150959586,0,1,ok
h3_helmholtz_l1,64,perturbed,3,0.02,0.001,3,helmholtz,1,30,4,1,52,1,0,52,0,159.368209513,151.185489282,136.97104409,0.948655254045,0.859462778111,1.93255014081,1.13244979198,70.9117095728,147.649516836,0.0705105900637,0.128166749103,32.1506213136,61.8563979904,0.0319687579582,0.0536942728397,0,1,ok
h3_helmholtz_l1,64,perturbed,4,0.02,0.001,3,helmholtz,1,30,4,1,52,1,0,52,0,300.924502277,263.938683944,215.500081057,0.877092699156,0.716126734204,0.710342826459,0.716287899825,83.8161832931,195.78791153,0.0821109495541,0.153416570913,67.0742723029,140.618635471,0.0657096514426,0.110186725482,0,0,amplitude
h3_helmholtz_l1,128,uniform,2,0.02,0.001,3,helmholtz,1,30,4,1,104,1,0,104,0,59.9458810301,58.4607613769,57.7140468405,0.975225659751,0.962769181948,0.00105912075728,0.00038273094478,19.1795966869,38.2601909589,0.0191699612713,0.0361925748612,6.28252423782,13.0312443677,0.00627936803319,0.0123270238724,0,1,ok
h3_helmholtz_l1,128,uniform,3,0.02,0.001,3,helmholtz,1,30,4,1,102,1,0,102,0,159.805155466,155.406974779,150.773471559,0.972477854837,0.943483150589,0.0171678309757,0.0168525640936,19.6695799852,44.645859285,0.0195624944358,0.0387079951804,9.55517457595,22.0663466784,0.0095031540895,0.0191315399581,0,1,ok
h3_helmholtz_l1,128,uniform,4,0.02,0.001,3,helmholtz,1,30,4,1,108,1,0,108,0,298.984125985,283.194963471,268.823112786,0.947190632741,0.899121690492,0.00256777601209,0.002976148526,21.6278656893,28.210495956,0.0211901109078,0.0219443974145,23.5280157887,40.4737889335,0.0230518013735,0.0314837750677,0,1,ok
h3_helmholtz_l1,128,perturbed,2,0.02,0.001,3,helmholtz,1,30,4,1,103,1,0,103,0,59.9132664145,57.8661545313,56.8184236718,0.965832076839,0.948344616679,3.88494508465,0.914698793619,117.072817224,343.121215621,0.117016357243,0.3245401146,68.9222000926,220.881996946,0.0688889614112,0.208920536937,0,1,ok
h3_helmholtz_l1,128,perturbed,3,0.02,0.001,3,helmholtz,1,30,4,1,101,1,0,101,0,159.893324101,162.985713748,154.655117036,1.01934032997,0.96723936353,0.660360751312,0.557504835179,109.35238224,264.721779525,0.108764600399,0.229513872436,66.3346481037,178.399843858,0.0659780916141,0.154672725,0,1,ok
h3_helmholtz_l1,128,perturbed,4,0.02,0.001,3,helmholtz,1,30,4,1,108,1,0,108,0,299.206931342,282.598894798,268.118946551,0.944493142355,0.89609871452,0.152746940639,0.425045573368,106.500508168,287.341453988,0.104316588091,0.223198585269,68.7738556521,184.850973578,0.0673635656295,0.143586924948,0,1,ok
h4_helmholtz_l4,32,uniform,2,0.02,0.001,4,helmholtz,4,60,4,1,28,1,0,28,0,59.722432511,102.316600831,52.9891629914,1.71320216758,0.887257279443,0.00385281810655,0.0697029603054,259.304837396,331.445714713,0.259149097896,0.31427843129,21.335654899,37.4049638798,0.0213228406212,0.0354675678362,0,1,topology-only coarse point
h4_helmholtz_l4,32,uniform,3,0.02,0.001,4,helmholtz,4,60,4,1,28,1,0,28,0,159.668531205,127.473645243,45.4944132047,0.798364237966,0.284930367063,0.651203435353,0.135596709142,262.301782509,341.284685298,0.260844013517,0.295907452044,83.5053270832,137.45572581,0.0830412376848,0.119179603848,0,1,topology-only coarse point
h4_helmholtz_l4,32,uniform,4,0.02,0.001,4,helmholtz,4,60,4,1,28,1,0,28,0,281.67008644,137.011756925,31.3927750728,0.486426367303,0.111452286146,0.00775094429591,0.00540160027684,283.48214462,546.465772023,0.277874410461,0.442995290861,182.950989097,309.940606549,0.17933192338,0.251254948026,0,1,topology-only coarse point
h4_helmholtz_l4,32,perturbed,2,0.02,0.001,4,helmholtz,4,60,4,1,28,1,0,28,0,59.7096014982,91.9005656024,46.442612601,1.53912542198,0.777808115206,7.79130302762,9.60027443566,261.110601173,363.269172924,0.260984259456,0.344260770916,27.0059521764,54.0367189951,0.0269928849997,0.0512091967212,0,1,topology-only coarse point
h4_helmholtz_l4,32,perturbed,3,0.02,0.001,4,helmholtz,4,60,4,1,28,1,0,28,0,160.822993956,169.660814046,60.5608331238,1.0549537095,0.376568248322,8.53588907066,8.61422315782,265.469019016,332.085122966,0.263872720548,0.287918757099,74.7824942022,131.92294097,0.0743328176962,0.114377569394,0,1,topology-only coarse point
h4_helmholtz_l4,32,perturbed,4,0.02,0.001,4,helmholtz,4,60,4,1,25,1,0,25,0,327.804110817,100.420903345,18.9313140528,0.306344246554,0.0577519116695,10.165184646,7.88968380509,368.494009508,650.497784267,0.360412404893,0.510131131028,211.336318705,353.132688389,0.206701408708,0.276932500137,0,1,topology-only coarse point
h4_helmholtz_l4,64,uniform,2,0.02,0.001,4,helmholtz,4,60,4,1,52,1,0,52,0,59.8045228912,67.8275429919,54.9759087587,1.13415406917,0.919260050929,0.0133063267188,0.0099986121579,65.916069022,92.8573211634,0.0658827257146,0.0878790547584,7.18339431153,16.0993496411,0.00717976062815,0.0152362313597,0,1,ok
h4_helmholtz_l4,64,uniform,3,0.02,0.001,4,helmholtz,4,60,4,1,52,1,0,52,0,159.611265503,150.748745852,98.8987022551,0.944474347581,0.619622317657,0.198417587797,0.201997493989,68.6393284265,102.899390099,0.0682654731606,0.0893310410037,43.9138867615,70.7155084688,0.0436747026349,0.0613909371138,0,0,amplitude
h4_helmholtz_l4,64,uniform,4,0.02,0.001,4,helmholtz,4,60,4,1,52,1,0,52,0,300.704251406,250.239098306,131.400773691,0.832176788774,0.436976773945,0.011888677325,0.0101623133735,91.0944878813,135.943252361,0.0892432103169,0.106634498275,119.753950793,175.134808738,0.1173202382,0.13737653128,0,0,amplitude
h4_helmholtz_l4,64,perturbed,2,0.02,0.001,4,helmholtz,4,60,4,1,51,1,0,51,0,59.7675460135,67.0051600223,54.0875742514,1.12109605449,0.904965618618,0.367532359721,1.55578527947,73.4167425541,131.920587904,0.0733789431877,0.124843054236,8.38104800624,16.2266627672,0.00837673293731,0.0153561030321,0,1,ok
h4_helmholtz_l4,64,perturbed,3,0.02,0.001,4,helmholtz,4,60,4,1,52,1,0,52,0,159.368209513,156.618446727,103.323038725,0.982745851298,0.648329042792,0.801538736009,0.918994380127,72.9336719006,112.653572244,0.0725211149499,0.097788617523,41.1886036878,63.5691705126,0.0409556160389,0.0551810402252,0,0,amplitude
h4_helmholtz_l4,64,perturbed,4,0.02,0.001,4,helmholtz,4,60,4,1,52,1,0,52,0,300.924502277,246.473005804,128.560734092,0.8190526326,0.427219229804,0.228163411322,0.0201998733536,95.2894336509,160.265745897,0.0933507775245,0.125581916565,122.09052294,191.285925343,0.119606600734,0.149888879761,0,0,amplitude
h4_helmholtz_l4,128,uniform,2,0.02,0.001,4,helmholtz,4,60,4,1,104,1,0,104,0,59.9458810301,59.6375230644,56.9705821818,0.994856060828,0.950366917674,0.00234433699893,0.00515355187747,18.0532198089,32.601497639,0.0180441502607,0.0308396825608,3.32236012196,7.26013033656,0.00332069103991,0.00686778617991,0,1,ok
h4_helmholtz_l4,128,uniform,3,0.02,0.001,4,helmholtz,4,60,4,1,102,1,0,102,0,159.805155466,156.083397325,136.453886025,0.976710650358,0.853876620107,0.0267728762931,0.0246009717326,19.8385920984,37.9891768874,0.0197305864096,0.0329366462963,17.7133380392,32.7361221738,0.0176169027041,0.0283822437203,0,1,ok
h4_helmholtz_l4,128,uniform,4,0.02,0.001,4,helmholtz,4,60,4,1,108,1,0,108,0,298.984125985,279.617727318,229.221845006,0.935225997024,0.766668946893,0.00640243252179,0.00778045972327,26.7112831852,43.5579337119,0.02617063844,0.0338828714468,49.808639215,72.6088376561,0.0488004967431,0.0564810059283,0,0,amplitude
h4_helmholtz_l4,128,perturbed,2,0.02,0.001,4,helmholtz,4,60,4,1,103,1,0,103,0,59.9132664145,59.369031998,55.9621747172,0.990916295354,0.934053141588,1.44277295648,0.27019161877,73.4006413366,267.641187902,0.0733652428652,0.253147569543,27.1387672409,80.9320960266,0.0271256791962,0.0765493665897,0,1,ok
h4_helmholtz_l4,128,perturbed,3,0.02,0.001,4,helmholtz,4,60,4,1,101,1,0,101,0,159.893324101,154.270156057,136.27171105,0.964831752196,0.852266420855,0.0960185719317,0.650720283426,71.266125894,226.864969153,0.0708830621347,0.196692005032,32.9363194266,81.282516618,0.0327592828587,0.0704719694157,0,1,ok
h4_helmholtz_l4,128,perturbed,4,0.02,0.001,4,helmholtz,4,60,4,1,108,1,0,108,0,299.206931342,277.632515339,227.807697889,0.927894665051,0.761371726474,0.0390090277927,0.167636535623,75.0264640754,208.450459707,0.0734879568517,0.161918327688,58.1770144448,134.156566713,0.0569840253032,0.104208966299,0,0,amplitude
h5_helmholtz_l16,32,uniform,2,0.02,0.001,5,helmholtz,16,120,4,1,28,1,0,28,0,59.722432511,99.4744443178,24.2679274161,1.66561273772,0.40634526083,0.118796358091,0.146623365328,403.535740341,496.745976687,0.403293375196,0.471016939947,31.6243052071,56.6918263928,0.0316053115256,0.0537554642428,0,1,topology-only coarse point
h5_helmholtz_l16,32,uniform,3,0.02,0.001,5,helmholtz,16,120,4,1,28,1,0,28,0,159.668531205,106.776235411,13.6608563971,0.668736880119,0.085557600449,1.40419285997,0.950097057962,399.909870441,465.518913198,0.397687330422,0.403623489177,105.196681214,173.451723832,0.104612039895,0.150389571706,0,1,topology-only coarse point
h5_helmholtz_l16,32,uniform,4,0.02,0.001,5,helmholtz,16,120,4,1,28,1,0,28,0,281.67008644,33.8384104135,2.64020404209,0.120134909749,0.00937339167059,1.41900683008,1.06552803313,418.244438323,657.478956916,0.409970888584,0.532988700602,203.532952721,328.224182491,0.199506742559,0.266076622973,0,1,topology-only coarse point
h5_helmholtz_l16,32,perturbed,2,0.02,0.001,5,helmholtz,16,120,4,1,28,1,0,28,0,59.7096014982,85.1002131073,20.7766155885,1.42523498687,0.347961049265,8.90729152784,9.18422655336,404.873799331,521.057769045,0.404677895945,0.493792929962,34.3647620817,63.6312313731,0.0343481342504,0.0603016671921,0,1,topology-only coarse point
h5_helmholtz_l16,32,perturbed,3,0.02,0.001,5,helmholtz,16,120,4,1,28,1,0,28,0,160.822993956,138.168789329,17.7490386417,0.859135786059,0.110363811823,7.85345906194,8.52225088671,397.120648688,487.351222229,0.394732712478,0.422534911898,102.974944037,173.149393944,0.102355742798,0.150121022741,0,1,topology-only coarse point
h5_helmholtz_l16,32,perturbed,4,0.02,0.001,5,helmholtz,16,120,4,1,25,1,0,25,0,327.804110817,21.7294516083,1.10635801547,0.0662879167505,0.00337505839301,179.60770571,133.994735449,551.937808153,859.063129532,0.539833016697,0.673691527461,223.868125909,356.757607784,0.218958375321,0.279775221935,0,1,topology-only coarse point
h5_helmholtz_l16,64,uniform,2,0.02,0.001,5,helmholtz,16,120,4,1,52,1,0,52,0,59.8045228912,72.5823513002,37.7974540613,1.21365990048,0.632016647471,0.0127868423088,0.0290167793188,103.832536022,123.989221153,0.103780012863,0.117341911425,16.4476623339,30.604455682,0.0164393423678,0.028963689702,0,0,amplitude
h5_helmholtz_l16,64,uniform,3,0.02,0.001,5,helmholtz,16,120,4,1,52,1,0,52,0,159.611265503,149.441933521,48.4426369245,0.936286878309,0.303503870932,0.189440746194,0.147379734752,106.589767738,130.139206623,0.106009209232,0.112979005919,78.981676779,121.220412254,0.0785514902306,0.105236246854,0,0,amplitude
h5_helmholtz_l16,64,uniform,4,0.02,0.001,5,helmholtz,16,120,4,1,52,1,0,52,0,300.704251406,223.544028515,48.0250153287,0.743401622923,0.159708468052,0.0695324432174,0.0691976941806,135.781904247,197.413378193,0.133022461839,0.154851941312,178.417625124,264.666107745,0.174791713675,0.207605284702,0,0,amplitude
h5_helmholtz_l16,64,perturbed,2,0.02,0.001,5,helmholtz,16,120,4,1,51,1,0,51,0,59.7675460135,71.1024493465,36.9226675474,1.1896498031,0.617771182024,0.941903121955,0.502851855826,108.296177249,142.489766298,0.108240419846,0.13484519668,16.9785313364,32.7382392945,0.0169697897646,0.0309818342138,0,0,amplitude
h5_helmholtz_l16,64,perturbed,3,0.02,0.001,5,helmholtz,16,120,4,1,52,1,0,52,0,159.368209513,155.901225909,50.6529721763,0.978245450491,0.317836112555,1.58339991253,1.26711387558,106.557573581,149.789987475,0.10595481951,0.130024778639,77.2329464146,117.942539514,0.0767960701675,0.102379690733,0,0,amplitude
h5_helmholtz_l16,64,perturbed,4,0.02,0.001,5,helmholtz,16,120,4,1,52,1,0,52,0,300.924502277,218.832868735,46.8117953877,0.727201896422,0.155559932918,0.455898126681,0.28577798508,137.369896606,222.03155892,0.134575116729,0.173980712791,179.367196296,267.954676825,0.175717984619,0.209965402651,0,0,amplitude
h5_helmholtz_l16,128,uniform,2,0.02,0.001,5,helmholtz,16,120,4,1,104,1,0,104,0,59.9458810301,61.7680216165,49.6205590843,1.03039642683,0.827755939719,0.00746291938726,0.0169826533728,24.8223561891,39.2104282545,0.0248098859729,0.0370914604546,7.77587431701,15.9651962544,0.00777196788551,0.0151024222861,0,1,ok
h5_helmholtz_l16,128,uniform,3,0.02,0.001,5,helmholtz,16,120,4,1,102,1,0,102,0,159.805155466,153.208510298,99.6620351118,0.958720698662,0.623647183481,0.0541797685504,0.0436188557862,27.1827847316,50.8108611277,0.0270347956317,0.0440530566359,42.9622443032,69.3125386835,0.0427283483309,0.0600940256558,0,0,amplitude
h5_helmholtz_l16,128,uniform,4,0.02,0.001,5,helmholtz,16,120,4,1,108,1,0,108,0,298.984125985,271.482261587,146.788581383,0.908015636926,0.490957775434,0.00701696984851,0.00784525927759,36.1311687061,57.2517524009,0.035399862525,0.0445350272935,107.778373729,158.663343192,0.105596905658,0.123421136004,0,0,amplitude
h5_helmholtz_l16,128,perturbed,2,0.02,0.001,5,helmholtz,16,120,4,1,103,1,0,103,0,59.9132664145,60.3066562374,49.6284115893,1.00656598858,0.828337604662,2.0249888753,1.50650706416,52.8279131064,154.296407625,0.0528024361169,0.145940768257,11.648952412,28.158403412,0.011643334544,0.0266335366461,0,1,ok
h5_helmholtz_l16,128,perturbed,3,0.02,0.001,5,helmholtz,16,120,4,1,101,1,0,101,0,159.893324101,150.967859061,99.2504920741,0.944178626032,0.620729430902,0.410321855138,0.857932076414,53.2797245044,152.96338198,0.0529933397556,0.132619303943,44.3995699842,74.6966392286,0.0441609171042,0.0647620114902,0,0,amplitude
h5_helmholtz_l16,128,perturbed,4,0.02,0.001,5,helmholtz,16,120,4,1,108,1,0,108,0,299.206931342,269.013691937,145.292760735,0.899089104419,0.485592897475,0.0387860714991,0.0867164397605,61.3126892872,140.946348304,0.0600553993891,0.109483073548,109.349649313,170.427250663,0.107107304196,0.132382991425,0,0,amplitude
h3_biharmonic_20,32,uniform,2,0.02,0.001,3,biharmonic,0.05,20,4,1,28,1,0,28,0,59.722432511,88.986529597,79.9758828937,1.49000176074,1.33912634719,0.0154987370587,0.0418135897628,156.399628033,189.570264121,0.156305693804,0.17975144219,25.1107789708,49.1930856648,0.0250956973386,0.0466451219816,0,1,topology-only coarse point
h3_biharmonic_20,32,uniform,3,0.02,0.001,3,biharmonic,0.05,20,4,1,28,1,0,28,0,159.668531205,138.133217719,111.33893025,0.86512487261,0.697312923279,0.253569431605,0.348644905162,158.779125564,209.751989123,0.157896694329,0.181863351438,40.3782541708,74.286897017,0.0401538478923,0.0644097065105,0,1,topology-only coarse point
h3_biharmonic_20,32,uniform,4,0.02,0.001,3,biharmonic,0.05,20,4,1,28,1,0,28,0,281.67008644,162.801447552,91.6545207573,0.577986287465,0.325396714701,0.0141562083485,0.00185177390908,179.943880498,279.318377098,0.17638430024,0.226430880103,139.612896186,249.226931404,0.136851127864,0.202037094764,0,1,topology-only coarse point
h3_biharmonic_20,32,perturbed,2,0.02,0.001,3,biharmonic,0.05,20,4,1,28,1,0,28,0,59.7096014982,74.1702520575,70.7793780171,1.24218300234,1.18539357559,8.93987006188,7.64222227772,159.892918953,229.495646202,0.159815552712,0.217487070118,37.1482568304,79.5708741089,0.0371302821694,0.0754072530919,0,1,topology-only coarse point
h3_biharmonic_20,32,perturbed,3,0.02,0.001,3,biharmonic,0.05,20,4,1,28,1,0,28,0,160.822993956,182.129380613,148.13284215,1.13248345982,0.921092429055,7.10628164348,7.31627910799,163.0903472,219.472239458,0.162109664511,0.190283063084,29.1938512504,58.9006516599,0.0290183049656,0.0510670344603,0,1,topology-only coarse point
h3_biharmonic_20,32,perturbed,4,0.02,0.001,3,biharmonic,0.05,20,4,1,25,1,0,25,0,327.804110817,109.557363443,45.4537677651,0.334215953456,0.138661372037,5.35076176558,3.57303794391,264.120126977,558.100810746,0.258327592004,0.437671894815,194.160588311,314.763192733,0.189902366831,0.24684250646,0,1,topology-only coarse point
h3_biharmonic_20,64,uniform,2,0.02,0.001,3,biharmonic,0.05,20,4,1,52,1,0,52,0,59.8045228912,64.4743605006,64.4522028442,1.07808502407,1.07771452272,0.00265654293051,0.0196625932157,47.8676330827,77.1450523567,0.0478434194846,0.0730091520566,8.17739647771,16.4599749569,0.0081732599834,0.0155775228321,0,1,ok
h3_biharmonic_20,64,uniform,3,0.02,0.001,3,biharmonic,0.05,20,4,1,52,1,0,52,0,159.611265503,149.239982054,149.176457991,0.935021607554,0.934623615201,0.195474232299,0.131300519749,49.2150321076,81.2009547051,0.0489469744308,0.0704937687903,14.3337448411,37.8423119246,0.0142556737686,0.0328524116125,0,1,ok
h3_biharmonic_20,64,uniform,4,0.02,0.001,3,biharmonic,0.05,20,4,1,52,1,0,52,0,300.704251406,267.657353627,256.99358828,0.890101660936,0.854639025149,0.0164408908252,0.010372485748,64.2927891559,117.186591189,0.0629861920073,0.0919216889328,34.4819696637,50.0295041019,0.0337812061126,0.0392433679216,0,1,ok
h3_biharmonic_20,64,perturbed,2,0.02,0.001,3,biharmonic,0.05,20,4,1,51,1,0,51,0,59.7675460135,68.5370694289,65.0434160524,1.14672717888,1.08827315811,6.56932175078,3.48165525222,68.2050231345,144.516915281,0.0681699070755,0.13676358921,19.6254166575,40.8569911995,0.0196153123095,0.0386650154405,0,1,ok
h3_biharmonic_20,64,perturbed,3,0.02,0.001,3,biharmonic,0.05,20,4,1,52,1,0,52,0,159.368209513,151.185489282,153.350229401,0.948655254045,0.962238515886,1.93255014081,0.66666745845,70.9117095728,147.649516836,0.0705105900637,0.128166749103,25.3758762274,45.1123747586,0.0252323349268,0.039159670421,0,1,ok
h3_biharmonic_20,64,perturbed,4,0.02,0.001,3,biharmonic,0.05,20,4,1,52,1,0,52,0,300.924502277,263.938683944,252.282871377,0.877092699156,0.838359354152,0.710342826459,0.672169685701,83.8161832931,195.78791153,0.0821109495541,0.153416570913,43.2189520485,86.4626521774,0.0423396658259,0.0677508815811,0,1,ok
h3_biharmonic_20,128,uniform,2,0.02,0.001,3,biharmonic,0.05,20,4,1,104,1,0,104,0,59.9458810301,58.4607613769,58.6283088719,0.975225659751,0.978020639024,0.00105912075728,0.000188573594316,19.1795966869,38.2601909589,0.0191699612713,0.0361925748612,4.71645356732,14.714464183,0.00471408412281,0.0139192809324,0,1,ok
h3_biharmonic_20,128,uniform,3,0.02,0.001,3,biharmonic,0.05,20,4,1,102,1,0,102,0,159.805155466,155.406974779,155.976624781,0.972477854837,0.976042508306,0.0171678309757,0.0169129277087,19.6695799852,44.645859285,0.0195624944358,0.0387079951804,6.67602678963,16.8952118834,0.00663968102133,0.0146481620161,0,1,ok
h3_biharmonic_20,128,uniform,4,0.02,0.001,3,biharmonic,0.05,20,4,1,108,1,0,108,0,298.984125985,283.194963471,282.487227829,0.947190632741,0.944823498233,0.00256777601209,0.00321536224474,21.6278656893,28.210495956,0.0211901109078,0.0219443974145,15.3601382979,30.1797545746,0.0150492442836,0.0234762454829,0,1,ok
h3_biharmonic_20,128,perturbed,2,0.02,0.001,3,biharmonic,0.05,20,4,1,103,1,0,103,0,59.9132664145,57.8661545313,56.7123717385,0.965832076839,0.946574525685,3.88494508465,0.244240467038,117.072817224,343.121215621,0.117016357243,0.3245401146,71.3131171166,237.852153406,0.0712787253825,0.224971705654,0,1,ok
h3_biharmonic_20,128,perturbed,3,0.02,0.001,3,biharmonic,0.05,20,4,1,101,1,0,101,0,159.893324101,162.985713748,157.844270636,1.01934032997,0.987184871688,0.660360751312,0.502852860679,109.35238224,264.721779525,0.108764600399,0.229513872436,69.6856375055,199.216844932,0.069311069056,0.172721071975,0,1,ok
h3_biharmonic_20,128,perturbed,4,0.02,0.001,3,biharmonic,0.05,20,4,1,108,1,0,108,0,299.206931342,282.598894798,281.717105522,0.944493142355,0.941546053956,0.152746940639,0.507271679558,106.500508168,287.341453988,0.104316588091,0.223198585269,71.366455008,172.015118338,0.0699030006401,0.13361640141,0,1,ok
h3_biharmonic_50,32,uniform,2,0.02,0.001,3,biharmonic,0.05,50,4,1,28,1,0,28,0,59.722432511,88.986529597,74.9610415281,1.49000176074,1.25515720603,0.0154987370587,0.0452814758583,156.399628033,189.570264121,0.156305693804,0.17975144219,22.6111107383,41.600764682,0.0225975304167,0.0394460464696,0,1,topology-only coarse point
h3_biharmonic_50,32,uniform,3,0.02,0.001,3,biharmonic,0.05,50,4,1,28,1,0,28,0,159.668531205,138.133217719,83.6411329639,0.86512487261,0.523842314654,0.253569431605,0.362282158337,158.779125564,209.751989123,0.157896694329,0.181863351438,57.621936683,101.231845307,0.0573016968747,0.0877720527789,0,1,topology-only coarse point
h3_biharmonic_50,32,uniform,4,0.02,0.001,3,biharmonic,0.05,50,4,1,28,1,0,28,0,281.67008644,162.801447552,38.6738069292,0.577986287465,0.137301789544,0.0141562083485,0.00185787807222,179.943880498,279.318377098,0.17638430024,0.226430880103,177.572527168,297.190729662,0.174059856105,0.240919194702,0,1,topology-only coarse point
h3_biharmonic_50,32,perturbed,2,0.02,0.001,3,biharmonic,0.05,50,4,1,28,1,0,28,0,59.7096014982,74.1702520575,66.2473356222,1.24218300234,1.10949217479,8.93987006188,7.60686661041,159.892918953,229.495646202,0.159815552712,0.217487070118,30.7938645777,61.6262702325,0.0307789645709,0.0584016175337,0,1,topology-only coarse point
h3_biharmonic_50,32,perturbed,3,0.02,0.001,3,biharmonic,0.05,50,4,1,28,1,0,28,0,160.822993956,182.129380613,111.394170238,1.13248345982,0.692650767767,7.10628164348,7.4161759366,163.0903472,219.472239458,0.162109664511,0.190283063084,43.3143560669,86.4546321613,0.0430539014177,0.0749564148344,0,1,topology-only coarse point
h3_biharmonic_50,32,perturbed,4,0.02,0.001,3,biharmonic,0.05,50,4,1,25,1,0,25,0,327.804110817,109.557363443,11.6800852801,0.334215953456,0.0356312959317,5.35076176558,3.05385107661,264.120126977,558.100810746,0.258327592004,0.437671894815,216.002891347,344.854529649,0.211265636687,0.270440631014,0,1,topology-only coarse point
h3_biharmonic_50,64,uniform,2,0.02,0.001,3,biharmonic,0.05,50,4,1,52,1,0,52,0,59.8045228912,64.4743605006,64.0302384338,1.07808502407,1.07065879533,0.00265654293051,0.0195856013442,47.8676330827,77.1450523567,0.0478434194846,0.0730091520566,7.84116408318,14.8623305301,0.00783719767031,0.0140655313133,0,1,ok
h3_biharmonic_50,64,uniform,3,0.02,0.001,3,biharmonic,0.05,50,4,1,52,1,0,52,0,159.611265503,149.239982054,145.377328413,0.935021607554,0.910821225278,0.195474232299,0.127068480816,49.2150321076,81.2009547051,0.0489469744308,0.0704937687903,15.471258089,37.8533265729,0.0153869913656,0.0328619738655,0,1,ok
h3_biharmonic_50,64,uniform,4,0.02,0.001,3,biharmonic,0.05,50,4,1,52,1,0,52,0,300.704251406,267.657353627,237.795188883,0.890101660936,0.790794236432,0.0164408908252,0.00995580988108,64.2927891559,117.186591189,0.0629861920073,0.0919216889328,46.6454927411,68.4044469295,0.0456975346791,0.0536567556788,0,0,amplitude
h3_biharmonic_50,64,perturbed,2,0.02,0.001,3,biharmonic,0.05,50,4,1,51,1,0,51,0,59.7675460135,68.5370694289,64.3919560568,1.14672717888,1.07737326278,6.56932175078,3.18738366614,68.2050231345,144.516915281,0.0681699070755,0.13676358921,11.3042422517,26.5720295432,0.0112984221461,0.0251464413411,0,1,ok
h3_biharmonic_50,64,perturbed,3,0.02,0.001,3,biharmonic,0.05,50,4,1,52,1,0,52,0,159.368209513,151.185489282,150.52310254,0.948655254045,0.944498924848,1.93255014081,0.393666732968,70.9117095728,147.649516836,0.0705105900637,0.128166749103,16.9829330876,40.9777984315,0.0168868673487,0.035570663033,0,1,ok
h3_biharmonic_50,64,perturbed,4,0.02,0.001,3,biharmonic,0.05,50,4,1,52,1,0,52,0,300.924502277,263.938683944,232.361068676,0.877092699156,0.772157358134,0.710342826459,0.754455661936,83.8161832931,195.78791153,0.0821109495541,0.153416570913,51.7506245534,93.9991437292,0.0506977621164,0.0736563671729,0,0,amplitude
h3_biharmonic_50,128,uniform,2,0.02,0.001,3,biharmonic,0.05,50,4,1,104,1,0,104,0,59.9458810301,58.4607613769,58.8871623004,0.975225659751,0.982338757701,0.00105912075728,7.85753607608e-05,19.1795966869,38.2601909589,0.0191699612713,0.0361925748612,3.06762132273,9.56663730555,0.00306608021596,0.00904964737952,0,1,ok
h3_biharmonic_50,128,uniform,3,0.02,0.001,3,biharmonic,0.05,50,4,1,102,1,0,102,0,159.805155466,155.406974779,155.763562634,0.972477854837,0.974709246271,0.0171678309757,0.0165695243718,19.6695799852,44.645859285,0.0195624944358,0.0387079951804,6.10423056277,17.6037845076,0.00607099777976,0.0152624950396,0,1,ok
h3_biharmonic_50,128,uniform,4,0.02,0.001,3,biharmonic,0.05,50,4,1,108,1,0,108,0,298.984125985,283.194963471,281.727433546,0.947190632741,0.942282245312,0.00256777601209,0.00331854633203,21.6278656893,28.210495956,0.0211901109078,0.0219443974145,14.5415206658,27.6878600968,0.014247195729,0.0215378491207,0,1,ok
h3_biharmonic_50,128,perturbed,2,0.02,0.001,3,biharmonic,0.05,50,4,1,103,1,0,103,0,59.9132664145,57.8661545313,58.1172814571,0.965832076839,0.970023584677,3.88494508465,0.785764579912,117.072817224,343.121215621,0.117016357243,0.3245401146,52.6310830986,154.638971339,0.052605701033,0.14626478106,0,1,ok
h3_biharmonic_50,128,perturbed,3,0.02,0.001,3,biharmonic,0.05,50,4,1,101,1,0,101,0,159.893324101,162.985713748,157.976462412,1.01934032997,0.988011621502,0.660360751312,0.765324443161,109.35238224,264.721779525,0.108764600399,0.229513872436,52.8546508254,142.961188507,0.0525705508973,0.123947398817,0,1,ok
h3_biharmonic_50,128,perturbed,4,0.02,0.001,3,biharmonic,0.05,50,4,1,108,1,0,108,0,299.206931342,282.598894798,280.253111706,0.944493142355,0.936653139846,0.152746940639,0.739940579479,106.500508168,287.341453988,0.104316588091,0.223198585269,56.3029594016,127.192245757,0.0551483999962,0.0987992818856,0,1,ok
h4_biharmonic_10,32,uniform,2,0.02,0.001,4,biharmonic,0.05,10,4,1,28,1,0,28,0,59.722432511,102.316600831,93.3829892695,1.71320216758,1.56361664024,0.00385281810655,0.0693411037456,259.304837396,331.445714713,0.259149097896,0.31427843129,36.7610734048,77.1572400182,0.0367389945602,0.0731608685199,0,1,topology-only coarse point
h4_biharmonic_10,32,uniform,3,0.02,0.001,4,biharmonic,0.05,10,4,1,28,1,0,28,0,159.668531205,127.473645243,113.04015443,0.798364237966,0.707967647583,0.651203435353,0.0270939049339,262.301782509,341.284685298,0.260844013517,0.295907452044,42.3212491754,84.6179656167,0.0420860445034,0.0733671555785,0,1,topology-only coarse point
h4_biharmonic_10,32,uniform,4,0.02,0.001,4,biharmonic,0.05,10,4,1,28,1,0,28,0,281.67008644,137.011756925,90.2256668504,0.486426367303,0.320323922184,0.00775094429591,0.00429281926043,283.48214462,546.465772023,0.277874410461,0.442995290861,140.675483517,250.617048666,0.137892695503,0.203164000478,0,1,topology-only coarse point
h4_biharmonic_10,32,perturbed,2,0.02,0.001,4,biharmonic,0.05,10,4,1,28,1,0,28,0,59.7096014982,91.9005656024,81.8974079727,1.53912542198,1.37159528648,7.79130302762,9.67150171045,261.110601173,363.269172924,0.260984259456,0.344260770916,44.7942820065,100.680907331,0.0447726077181,0.0954126839203,0,1,topology-only coarse point
h4_biharmonic_10,32,perturbed,3,0.02,0.001,4,biharmonic,0.05,10,4,1,28,1,0,28,0,160.822993956,169.660814046,150.294721981,1.0549537095,0.934535033111,8.53588907066,8.54709920478,265.469019016,332.085122966,0.263872720548,0.287918757099,34.7323788003,78.4908132032,0.0345235286555,0.0680517608839,0,1,topology-only coarse point
h4_biharmonic_10,32,perturbed,4,0.02,0.001,4,biharmonic,0.05,10,4,1,25,1,0,25,0,327.804110817,100.420903345,54.0931875825,0.306344246554,0.165016806677,10.165184646,7.5365710734,368.494009508,650.497784267,0.360412404893,0.510131131028,189.776636363,332.184348278,0.185614561266,0.260504465035,0,1,topology-only coarse point
h4_biharmonic_10,64,uniform,2,0.02,0.001,4,biharmonic,0.05,10,4,1,52,1,0,52,0,59.8045228912,67.8275429919,67.7377653095,1.13415406917,1.13265288367,0.0133063267188,0.0108182818907,65.916069022,92.8573211634,0.0658827257146,0.0878790547584,9.69642552228,20.4019752433,0.00969152063488,0.0193081846119,0,1,ok
h4_biharmonic_10,64,uniform,3,0.02,0.001,4,biharmonic,0.05,10,4,1,52,1,0,52,0,159.611265503,150.748745852,148.801899723,0.944474347581,0.932276924525,0.198417587797,0.217106706988,68.6393284265,102.899390099,0.0682654731606,0.0893310410037,15.1716026779,35.9942051962,0.0150889680764,0.0312479968752,0,1,ok
h4_biharmonic_10,64,uniform,4,0.02,0.001,4,biharmonic,0.05,10,4,1,52,1,0,52,0,300.704251406,250.239098306,244.454701964,0.832176788774,0.81294062462,0.011888677325,0.00918319292492,91.0944878813,135.943252361,0.0892432103169,0.106634498275,42.5590862816,66.6472559853,0.0416941746561,0.0522784072028,0,1,ok
h4_biharmonic_10,64,perturbed,2,0.02,0.001,4,biharmonic,0.05,10,4,1,51,1,0,51,0,59.7675460135,67.0051600223,66.8755581055,1.12109605449,1.11892762153,0.367532359721,1.87118333816,73.4167425541,131.920587904,0.0733789431877,0.124843054236,16.0820093718,32.2063657576,0.0160737293836,0.0304784956685,0,1,ok
h4_biharmonic_10,64,perturbed,3,0.02,0.001,4,biharmonic,0.05,10,4,1,52,1,0,52,0,159.368209513,156.618446727,154.74665203,0.982745851298,0.971000756694,0.801538736009,0.833265003686,72.9336719006,112.653572244,0.0725211149499,0.097788617523,22.6737536863,42.1412448892,0.0225454972248,0.0365805894684,0,1,ok
h4_biharmonic_10,64,perturbed,4,0.02,0.001,4,biharmonic,0.05,10,4,1,52,1,0,52,0,300.924502277,246.473005804,239.721665165,0.8190526326,0.796617302183,0.228163411322,0.0534439334992,95.2894336509,160.265745897,0.0933507775245,0.125581916565,48.2341709943,91.5243813887,0.0472528505318,0.0717171792571,0,0,amplitude
h4_biharmonic_10,128,uniform,2,0.02,0.001,4,biharmonic,0.05,10,4,1,104,1,0,104,0,59.9458810301,59.6375230644,60.1541620412,0.994856060828,1.00347448411,0.00234433699893,0.00497757146231,18.0532198089,32.601497639,0.0180441502607,0.0308396825608,3.78297791607,12.2145549476,0.00378107742958,0.0115544691037,0,1,ok
h4_biharmonic_10,128,uniform,3,0.02,0.001,4,biharmonic,0.05,10,4,1,102,1,0,102,0,159.805155466,156.083397325,154.971620068,0.976710650358,0.96975357032,0.0267728762931,0.0276100625032,19.8385920984,37.9891768874,0.0197305864096,0.0329366462963,8.08298151608,20.4975248468,0.00803897597467,0.0177713701939,0,1,ok
h4_biharmonic_10,128,uniform,4,0.02,0.001,4,biharmonic,0.05,10,4,1,108,1,0,108,0,298.984125985,279.617727318,277.462714407,0.935225997024,0.928018213319,0.00640243252179,0.00757996717107,26.7112831852,43.5579337119,0.02617063844,0.0338828714468,18.8101747366,36.1398751762,0.0184294509033,0.0281125076501,0,1,ok
h4_biharmonic_10,128,perturbed,2,0.02,0.001,4,biharmonic,0.05,10,4,1,103,1,0,103,0,59.9132664145,59.369031998,57.6446174306,0.990916295354,0.962134446681,1.44277295648,0.599530117893,73.4006413366,267.641187902,0.0733652428652,0.253147569543,59.6906782535,195.153449942,0.0596618916008,0.184585272275,0,1,ok
h4_biharmonic_10,128,perturbed,3,0.02,0.001,4,biharmonic,0.05,10,4,1,101,1,0,101,0,159.893324101,154.270156057,153.898938243,0.964831752196,0.962510092954,0.0960185719317,0.321365022887,71.266125894,226.864969153,0.0708830621347,0.196692005032,58.9686774009,163.549360999,0.0586517138651,0.141797351335,0,1,ok
h4_biharmonic_10,128,perturbed,4,0.02,0.001,4,biharmonic,0.05,10,4,1,108,1,0,108,0,299.206931342,277.632515339,276.205922837,0.927894665051,0.923126752438,0.0390090277927,0.0141634852678,75.0264640754,208.450459707,0.0734879568517,0.161918327688,62.9521789821,158.159682377,0.0616612693904,0.122853896864,0,1,ok
h4_biharmonic_20,32,uniform,2,0.02,0.001,4,biharmonic,0.05,20,4,1,28,1,0,28,0,59.722432511,102.316600831,90.8444417156,1.71320216758,1.52111087737,0.00385281810655,0.0835364347784,259.304837396,331.445714713,0.259149097896,0.31427843129,33.3686858096,70.788991258,0.0333486444463,0.0671224642153,0,1,topology-only coarse point
h4_biharmonic_20,32,uniform,3,0.02,0.001,4,biharmonic,0.05,20,4,1,28,1,0,28,0,159.668531205,127.473645243,102.813887498,0.798364237966,0.643920794675,0.651203435353,0.0165689151915,262.301782509,341.284685298,0.260844013517,0.295907452044,46.7978197769,84.6153835784,0.0465377361058,0.0733649168481,0,1,topology-only coarse point
h4_biharmonic_20,32,uniform,4,0.02,0.001,4,biharmonic,0.05,20,4,1,28,1,0,28,0,281.67008644,137.011756925,67.3457414149,0.486426367303,0.239094403904,0.00775094429591,0.00422110785069,283.48214462,546.465772023,0.277874410461,0.442995290861,156.984164814,269.709843469,0.153878764773,0.218641672859,0,1,topology-only coarse point
h4_biharmonic_20,32,perturbed,2,0.02,0.001,4,biharmonic,0.05,20,4,1,28,1,0,28,0,59.7096014982,91.9005656024,79.5696745399,1.53912542198,1.33261104652,7.79130302762,9.79187008357,261.110601173,363.269172924,0.260984259456,0.344260770916,40.6635747292,90.4508762493,0.0406438991365,0.0857179488613,0,1,topology-only coarse point
h4_biharmonic_20,32,perturbed,3,0.02,0.001,4,biharmonic,0.05,20,4,1,28,1,0,28,0,160.822993956,169.660814046,136.933444759,1.0549537095,0.851454393373,8.53588907066,8.56537389734,265.469019016,332.085122966,0.263872720548,0.287918757099,35.5182526193,77.9715540814,0.0353046769168,0.0676015617312,0,1,topology-only coarse point
h4_biharmonic_20,32,perturbed,4,0.02,0.001,4,biharmonic,0.05,20,4,1,25,1,0,25,0,327.804110817,100.420903345,34.5239643931,0.306344246554,0.105318887878,10.165184646,6.4727002532,368.494009508,650.497784267,0.360412404893,0.510131131028,202.206749889,348.413162514,0.197772064491,0.273231369817,0,1,topology-only coarse point
h4_biharmonic_20,64,uniform,2,0.02,0.001,4,biharmonic,0.05,20,4,1,52,1,0,52,0,59.8045228912,67.8275429919,67.6448352803,1.13415406917,1.13109898734,0.0133063267188,0.0111979329649,65.916069022,92.8573211634,0.0658827257146,0.0878790547584,9.51360963605,19.8497165251,0.00950879722513,0.0187855335863,0,1,ok
h4_biharmonic_20,64,uniform,3,0.02,0.001,4,biharmonic,0.05,20,4,1,52,1,0,52,0,159.611265503,150.748745852,147.692305677,0.944474347581,0.925325071583,0.198417587797,0.21327578178,68.6393284265,102.899390099,0.0682654731606,0.0893310410037,15.4606766971,37.3583534225,0.0153764676069,0.0324322680455,0,1,ok
h4_biharmonic_20,64,uniform,4,0.02,0.001,4,biharmonic,0.05,20,4,1,52,1,0,52,0,300.704251406,250.239098306,238.661189446,0.832176788774,0.793674144379,0.011888677325,0.00995624847551,91.0944878813,135.943252361,0.0892432103169,0.106634498275,46.1186353999,69.7220227835,0.0451813844531,0.0546902681017,0,0,amplitude
h4_biharmonic_20,64,perturbed,2,0.02,0.001,4,biharmonic,0.05,20,4,1,51,1,0,51,0,59.7675460135,67.0051600223,66.7623348478,1.12109605449,1.11703322791,0.367532359721,1.77851827213,73.4167425541,131.920587904,0.0733789431877,0.124843054236,13.4517431163,27.952317733,0.0134448173477,0.026452677131,0,1,ok
h4_biharmonic_20,64,perturbed,3,0.02,0.001,4,biharmonic,0.05,20,4,1,52,1,0,52,0,159.368209513,156.618446727,153.88021129,0.982745851298,0.965564034136,0.801538736009,0.89789837989,72.9336719006,112.653572244,0.0725211149499,0.097788617523,19.8105796178,39.487068962,0.0196985190001,0.0342766394968,0,1,ok
h4_biharmonic_20,64,perturbed,4,0.02,0.001,4,biharmonic,0.05,20,4,1,52,1,0,52,0,300.924502277,246.473005804,233.577388998,0.8190526326,0.776199303249,0.228163411322,0.00177818050072,95.2894336509,160.265745897,0.0933507775245,0.125581916565,51.3188085663,89.5966766894,0.050274731392,0.0702066577832,0,0,amplitude
h4_biharmonic_20,128,uniform,2,0.02,0.001,4,biharmonic,0.05,20,4,1,104,1,0,104,0,59.9458810301,59.6375230644,60.1550856903,0.994856060828,1.00348989216,0.00234433699893,0.00559031829069,18.0532198089,32.601497639,0.0180441502607,0.0308396825608,3.21674598315,10.0404517927,0.00321512995937,0.00949785649364,0,1,ok
h4_biharmonic_20,128,uniform,3,0.02,0.001,4,biharmonic,0.05,20,4,1,102,1,0,102,0,159.805155466,156.083397325,154.9084067,0.976710650358,0.969358005057,0.0267728762931,0.0272619914011,19.8385920984,37.9891768874,0.0197305864096,0.0329366462963,7.84525644047,21.2817740596,0.00780254512702,0.0184513148794,0,1,ok
h4_biharmonic_20,128,uniform,4,0.02,0.001,4,biharmonic,0.05,20,4,1,108,1,0,108,0,298.984125985,279.617727318,277.272237501,0.935225997024,0.927381132987,0.00640243252179,0.00796463639074,26.7112831852,43.5579337119,0.02617063844,0.0338828714468,18.2286109281,34.6086091506,0.0178596581285,0.0269213655212,0,1,ok
h4_biharmonic_20,128,perturbed,2,0.02,0.001,4,biharmonic,0.05,20,4,1,103,1,0,103,0,59.9132664145,59.369031998,57.8933789794,0.990916295354,0.966286474499,1.44277295648,0.26666964038,73.4006413366,267.641187902,0.0733652428652,0.253147569543,53.5716234336,165.830254263,0.0535457877795,0.156850020554,0,1,ok
h4_biharmonic_20,128,perturbed,3,0.02,0.001,4,biharmonic,0.05,20,4,1,101,1,0,101,0,159.893324101,154.270156057,153.982810025,0.964831752196,0.96303464132,0.0960185719317,0.428595415117,71.266125894,226.864969153,0.0708830621347,0.196692005032,53.3942962907,146.948402505,0.0531072957051,0.127404314703,0,1,ok
h4_biharmonic_20,128,perturbed,4,0.02,0.001,4,biharmonic,0.05,20,4,1,108,1,0,108,0,299.206931342,277.632515339,275.850483639,0.927894665051,0.921938814722,0.0390090277927,0.100491886536,75.0264640754,208.450459707,0.0734879568517,0.161918327688,57.9579358453,143.321336715,0.056769439172,0.111327896305,0,1,ok
h4_helmholtz_l16_preserve_m2_m4,32,uniform,2,0.02,0.001,4,helmholtzPreserveModes,16,120,4,1,28,1,0,28,0,59.722432511,102.316600831,102.308152197,1.71320216758,1.71306070258,0.00385281810655,0.00383164543367,259.304837396,331.445714713,0.259149097896,0.31427843129,46.1122013141,95.4058721349,0.0460845061455,0.0904643098384,0,1,topology-only coarse point
h4_helmholtz_l16_preserve_m2_m4,32,uniform,3,0.02,0.001,4,helmholtzPreserveModes,16,120,4,1,28,1,0,28,0,159.668531205,127.473645243,127.510357192,0.798364237966,0.79859416398,0.651203435353,0.652301737387,262.301782509,341.284685298,0.260844013517,0.295907452044,40.4934177868,87.5302377707,0.0402683714747,0.0758922118434,0,1,topology-only coarse point
h4_helmholtz_l16_preserve_m2_m4,32,uniform,4,0.02,0.001,4,helmholtzPreserveModes,16,120,4,1,28,1,0,28,0,281.67008644,137.011756925,137.5305761,0.486426367303,0.488268306506,0.00775094429591,0.00766532152691,283.48214462,546.465772023,0.277874410461,0.442995290861,106.471170994,189.44460475,0.104364999463,0.153574243951,0,1,topology-only coarse point
h4_helmholtz_l16_preserve_m2_m4,32,perturbed,2,0.02,0.001,4,helmholtzPreserveModes,16,120,4,1,28,1,0,28,0,59.7096014982,91.9005656024,91.8629745685,1.53912542198,1.53849585768,7.79130302762,7.78319246135,261.110601173,363.269172924,0.260984259456,0.344260770916,54.3245963235,127.813648767,0.0542983106701,0.121125679077,0,1,topology-only coarse point
h4_helmholtz_l16_preserve_m2_m4,32,perturbed,3,0.02,0.001,4,helmholtzPreserveModes,16,120,4,1,28,1,0,28,0,160.822993956,169.660814046,169.690487977,1.0549537095,1.05513822249,8.53588907066,8.53276655796,265.469019016,332.085122966,0.263872720548,0.287918757099,40.6965962523,85.9184018678,0.0404518825208,0.074491501627,0,1,topology-only coarse point
h4_helmholtz_l16_preserve_m2_m4,32,perturbed,4,0.02,0.001,4,helmholtzPreserveModes,16,120,4,1,25,1,0,25,0,327.804110817,100.420903345,101.034364783,0.306344246554,0.308215673474,10.165184646,9.86687936496,368.494009508,650.497784267,0.360412404893,0.510131131028,159.315963815,268.95728055,0.15582193516,0.210920751836,0,1,topology-only coarse point
h4_helmholtz_l16_preserve_m2_m4,64,uniform,2,0.02,0.001,4,helmholtzPreserveModes,16,120,4,1,52,1,0,52,0,59.8045228912,67.8275429919,67.8276490066,1.13415406917,1.13415584186,0.0133063267188,0.013305257132,65.916069022,92.8573211634,0.0658827257146,0.0878790547584,10.5928506424,22.019152053,0.0105874923029,0.0208386613436,0,1,ok
h4_helmholtz_l16_preserve_m2_m4,64,uniform,3,0.02,0.001,4,helmholtzPreserveModes,16,120,4,1,52,1,0,52,0,159.611265503,150.748745852,150.720680917,0.944474347581,0.944298514532,0.198417587797,0.201848763944,68.6393284265,102.899390099,0.0682654731606,0.0893310410037,11.879520157,27.6544240414,0.0118148164183,0.0240079021421,0,1,ok
h4_helmholtz_l16_preserve_m2_m4,64,uniform,4,0.02,0.001,4,helmholtzPreserveModes,16,120,4,1,52,1,0,52,0,300.704251406,250.239098306,250.081954708,0.832176788774,0.831654203551,0.011888677325,0.0116157495932,91.0944878813,135.943252361,0.0892432103169,0.106634498275,36.5433886316,64.3409301261,0.0358007316709,0.0504693148309,0,1,ok
h4_helmholtz_l16_preserve_m2_m4,64,perturbed,2,0.02,0.001,4,helmholtzPreserveModes,16,120,4,1,51,1,0,51,0,59.7675460135,67.0051600223,67.0167172621,1.12109605449,1.12128942431,0.367532359721,0.360265918674,73.4167425541,131.920587904,0.0733789431877,0.124843054236,7.80084257731,19.6007430464,0.00779682623312,0.0185491640546,0,1,ok
h4_helmholtz_l16_preserve_m2_m4,64,perturbed,3,0.02,0.001,4,helmholtzPreserveModes,16,120,4,1,52,1,0,52,0,159.368209513,156.618446727,156.571306999,0.982745851298,0.982450060009,0.801538736009,0.801719050211,72.9336719006,112.653572244,0.0725211149499,0.097788617523,8.18972561009,15.7603001321,0.00814339956978,0.0136806843402,0,1,ok
h4_helmholtz_l16_preserve_m2_m4,64,perturbed,4,0.02,0.001,4,helmholtzPreserveModes,16,120,4,1,52,1,0,52,0,300.924502277,246.473005804,246.454957557,0.8190526326,0.818992656604,0.228163411322,0.253727466063,95.2894336509,160.265745897,0.0933507775245,0.125581916565,39.7828095323,75.8062725369,0.0389734313624,0.0594006968837,0,1,ok
h4_helmholtz_l16_preserve_m2_m4,128,uniform,2,0.02,0.001,4,helmholtzPreserveModes,16,120,4,1,104,1,0,104,0,59.9458810301,59.6375230644,59.6374016835,0.994856060828,0.994854035985,0.00234433699893,0.00234220651389,18.0532198089,32.601497639,0.0180441502607,0.0308396825608,1.7820875388,3.80506035438,0.00178119225647,0.00359943137438,0,1,ok
h4_helmholtz_l16_preserve_m2_m4,128,uniform,3,0.02,0.001,4,helmholtzPreserveModes,16,120,4,1,102,1,0,102,0,159.805155466,156.083397325,156.035149542,0.976710650358,0.976408734043,0.0267728762931,0.0266466795111,19.8385920984,37.9891768874,0.0197305864096,0.0329366462963,6.65115439722,17.4876418388,0.00661494403973,0.0151617992542,0,1,ok
h4_helmholtz_l16_preserve_m2_m4,128,uniform,4,0.02,0.001,4,helmholtzPreserveModes,16,120,4,1,108,1,0,108,0,298.984125985,279.617727318,279.533087607,0.935225997024,0.934942906038,0.00640243252179,0.00644121683004,26.7112831852,43.5579337119,0.02617063844,0.0338828714468,14.5546616365,26.1584949615,0.0142600707224,0.0203481856574,0,1,ok
h4_helmholtz_l16_preserve_m2_m4,128,perturbed,2,0.02,0.001,4,helmholtzPreserveModes,16,120,4,1,103,1,0,103,0,59.9132664145,59.369031998,59.3720459467,0.990916295354,0.990966600551,1.44277295648,1.42629067861,73.4006413366,267.641187902,0.0733652428652,0.253147569543,11.5070178579,36.7933592839,0.0115014684399,0.0348008822972,0,1,ok
h4_helmholtz_l16_preserve_m2_m4,128,perturbed,3,0.02,0.001,4,helmholtzPreserveModes,16,120,4,1,101,1,0,101,0,159.893324101,154.270156057,154.206427015,0.964831752196,0.964433179949,0.0960185719317,0.0846258731621,71.266125894,226.864969153,0.0708830621347,0.196692005032,14.1073356441,33.1894545135,0.0140315070655,0.0287752682953,0,1,ok
h4_helmholtz_l16_preserve_m2_m4,128,perturbed,4,0.02,0.001,4,helmholtzPreserveModes,16,120,4,1,108,1,0,108,0,299.206931342,277.632515339,277.506777798,0.927894665051,0.927474428994,0.0390090277927,0.0268632125563,75.0264640754,208.450459707,0.0734879568517,0.161918327688,20.1245666108,54.1035575803,0.0197118883448,0.0420260889694,0,1,ok
