TIME,maxMagU,meanMagU,pLaplace,kErrL2Band,kErrLinfBand,minGradPsiBand
1.199760048e-05,0.004504959916,6.716917799e-05,71.5943944,135.3214592,279.5006971,0.9897476118
0.0001704398867,0.005380895012,0.0001111504913,71.48876032,136.2465838,279.6961514,0.9897383629
0.0003401045722,0.009076628818,0.0001930386482,71.60814134,133.5164302,279.4918089,0.9897065514
0.0005097692577,0.005287436227,0.0001591414606,71.59007671,132.259931,280.3147619,0.9895206365
0.0006582258574,0.005588786239,0.0001676813878,71.56673024,130.1337812,282.1562585,0.9892254993
0.0008278905429,0.004654866453,0.0001531184466,71.56232913,127.939631,285.7088444,0.988582762
0.0009975552284,0.005323834479,0.0001757574705,71.58673041,126.517013,290.8113004,0.9849148308
0.001167219914,0.005436364243,0.0001828799732,71.63549185,125.409729,298.0149194,0.9815263709
0.001336884599,0.005336048051,0.0001642692753,71.67848786,124.6472298,307.8572131,0.9786180665
0.001506549285,0.004630547679,0.000133114481,71.6547693,123.8739737,319.9874911,0.976469727
0.00167621397,0.004160275435,0.0001145780845,71.64887121,122.9673761,332.9293728,0.975208309
0.001845878656,0.003994402713,0.0001092777901,71.59409294,122.1415448,344.5245492,0.9750265662
0.001994335255,0.003493173496,0.0001062698392,71.56084943,121.807115,352.28414,0.9756681798
0.002163999941,0.002730265163,0.0001078329969,71.6275659,121.69399,357.9038048,0.9770635338
0.002333664626,0.002502212203,0.0001117452523,71.59669719,121.5897254,360.3242122,0.9788116589
0.002503329312,0.002549683663,0.0001160069208,71.57349171,121.3048754,360.2337909,0.980660487
0.002672993997,0.002412729039,0.0001172827809,71.56608012,120.8517602,358.2307295,0.9824449366
0.002842658683,0.002751495321,0.0001129754435,71.57012576,120.2951369,354.6722765,0.9835889257
0.003012323368,0.002590272446,0.0001061961594,71.56710663,119.7704956,349.6803677,0.984557559
0.003181988054,0.002885443033,0.000100816442,71.53212232,119.4079196,343.4528671,0.9854488409
0.003330444653,0.003217713536,9.63439848e-05,71.49386615,119.391792,337.4749036,0.9860485679
0.003500109339,0.003532640799,0.0001004342742,72.68743508,119.8052902,331.0631096,0.9864971301
0.003669774024,0.004275002058,0.0001265721641,72.66638618,120.4709871,326.4382801,0.9868468707
0.00383943871,0.004746529808,0.0001527148678,72.65162804,121.1964881,324.6674154,0.9872075376
0.004009103395,0.004539896137,0.0001684288661,72.56520184,122.0607677,326.0951857,0.9875524703
0.004178768081,0.003747753462,0.0001710196495,71.37228781,123.0897998,330.3547957,0.9877399763
0.004348432766,0.003729644005,0.00016493427,71.35120784,124.1903142,336.460416,0.9868942094
0.004518097452,0.003790991696,0.0001548771507,71.31506314,125.2463278,343.2677582,0.9859864686
0.004666554051,0.003702189968,0.0001404912672,71.29962672,126.0475641,349.064126,0.9853123942
0.004836218737,0.003248118672,0.0001133567668,71.30161338,126.7353489,354.7985752,0.9847699573
0.005005883422,0.002412031989,7.914944748e-05,71.33042918,127.1336694,359.002173,0.9845416533
0.005175548108,0.001693087981,5.590256146e-05,71.39587527,127.1781742,361.3629435,0.9846139984
0.005345212793,0.002308034541,5.988160128e-05,71.38842384,126.786149,361.9157872,0.984902224
0.005514877479,0.00300315553,8.383927346e-05,71.41424843,126.0548705,360.8380974,0.9852998249
0.005684542164,0.003084911834,0.0001048584941,71.4185686,125.2114196,358.2768377,0.9857989531
0.00585420685,0.002721213222,0.0001130467578,71.45011717,124.3365365,354.4287355,0.9863875893
0.006002663449,0.002568934624,0.0001097721688,71.48043311,123.53317,350.2343505,0.9867388634
0.006172328135,0.002535904705,9.821994105e-05,71.49335402,122.5986748,344.8127564,0.9870273922
0.00634199282,0.002339267257,8.316674221e-05,71.48291871,121.7877771,339.1473738,0.9873133051
0.006511657506,0.001925507494,6.543541014e-05,71.47914446,121.2042543,333.8918577,0.9875439477
0.006681322191,0.001336861749,4.774093697e-05,71.49068858,120.8382569,329.7695029,0.9876227355
0.006850986877,0.001146776664,3.895402123e-05,71.46764736,120.6108919,327.2603337,0.9875360627
0.007020651562,0.001263717496,3.937553272e-05,71.46416554,120.5964709,326.2961996,0.9873367473
0.007169108162,0.001330845359,4.365478719e-05,71.45894971,120.7670263,326.3226712,0.987091718
0.007338772847,0.001266081131,4.397412361e-05,71.45993808,121.0601755,326.7718366,0.9867630308
0.007508437533,0.001068529617,4.023148559e-05,71.45513722,121.3768694,327.105857,0.9864150229
0.007678102218,0.0009536895311,3.306028842e-05,71.44696758,121.6427039,326.9818065,0.9860840671
0.007847766904,0.001349676404,3.691457501e-05,71.47175456,121.7778724,326.3507398,0.9858035944
0.008017431589,0.001832530422,5.554596394e-05,71.49382024,121.680129,325.3367264,0.985582149
0.008187096275,0.002211171925,7.551483136e-05,71.51299714,121.3976563,324.0241066,0.9854209377
0.00835676096,0.002735068915,9.71016933e-05,71.54878155,121.005501,322.3670485,0.9853252841
0.00850521756,0.002942157695,0.0001100800041,71.55447069,120.6371559,320.5860933,0.9852921556
0.008674882245,0.002811047434,0.0001170337263,71.57950549,120.1827354,318.223731,0.9853055503
0.008844546931,0.0024680685,0.0001151419897,71.60175885,119.6737507,315.67368,0.9852202742
0.009014211616,0.002279603383,0.0001081011186,71.61770914,119.1345069,313.1622612,0.9841899451
0.009183876302,0.00204944515,9.922275414e-05,71.62070407,118.6448955,310.9165296,0.9832651798
0.009353540987,0.001777478667,8.873558526e-05,71.62073901,118.2680249,309.0933584,0.9824467414
0.009523205673,0.001463805789,7.626706605e-05,71.62257666,118.0162412,307.7967609,0.9817188356
0.009692870358,0.00111175136,6.429906005e-05,71.63193535,117.8849431,307.0964352,0.9810725409
0.009841326958,0.001006869359,5.629284203e-05,71.62884065,117.8636306,306.984523,0.9805868568
0.01001099164,0.001025847673,5.039874189e-05,71.62248555,117.9371975,307.3653324,0.9801181646
0.01018065633,0.0009539783059,4.741704428e-05,71.62072491,118.092581,308.1272248,0.9797223097
0.01035032101,0.0008840416939,4.518462896e-05,71.6223506,118.2960462,309.1110654,0.9793924883
0.0105199857,0.00078753117,4.247077686e-05,71.62539913,118.5008799,310.2045045,0.9791254163
0.01068965039,0.0006937124668,3.904249628e-05,71.62561297,118.6743929,311.3325868,0.9789159462
0.01085931507,0.0005833567794,3.493038774e-05,71.61365295,118.8032432,312.4098667,0.9787616875
0.01102897976,0.0004337519372,3.154717593e-05,71.61945791,118.8681033,313.3664746,0.9786604046
0.01117743636,0.0003367912463,3.02907374e-05,71.62361503,118.8568116,314.0663718,0.9786302884
0.01134710104,0.0003110478099,3.257116498e-05,71.62036333,118.7756936,314.6493846,0.9786819623
0.01151676573,0.0003960430779,3.632741099e-05,71.62332209,118.6315287,314.9610536,0.9788079769
0.01168643041,0.0005373082924,3.927790468e-05,71.62274882,118.4466296,314.9755087,0.9790151789
0.0118560951,0.0006321988763,4.059053926e-05,71.6216887,118.2481637,314.7110425,0.9793037591
0.01202575978,0.0006740838072,4.024376673e-05,71.62085722,118.0611586,314.2539061,0.979656603
0.01219542447,0.0006985568771,3.851425252e-05,71.61741401,117.9130342,313.7440329,0.9800576437
0.01234388107,0.000776718405,3.685253091e-05,71.61010626,117.83722,313.3692109,0.9804413612
0.01251354575,0.0008837221709,3.632462409e-05,71.60355913,117.8283243,313.1165449,0.9809020715
0.01268321044,0.0009821109401,3.716182226e-05,71.59250042,117.8984434,313.1083091,0.9813661942
0.01285287512,0.001101102007,3.920048428e-05,71.58431101,118.0218165,313.3561378,0.9818067149
0.01302253981,0.001168041011,4.218110122e-05,71.57478985,118.1815201,313.8132283,0.9822008247
0.0131922045,0.001133929235,4.478367918e-05,71.57352799,118.3681969,314.4004483,0.9825491955
0.01336186918,0.001024665084,4.610125876e-05,71.56666604,118.5812277,315.0518831,0.9828706412
0.01353153387,0.001054608872,4.605582372e-05,71.55951217,118.8079464,315.7575768,0.9829652347
0.01367999047,0.00102906946,4.493984459e-05,71.55388083,119.0052293,316.4442662,0.982956361
0.01384965515,0.0009387607954,4.250436181e-05,71.54771276,119.2107084,317.3283563,0.9829498238
0.01401931984,0.0008790667867,3.889191758e-05,71.54744711,119.3724162,318.2902172,0.9829659462
0.01418898452,0.0008015638388,3.445034761e-05,71.55019974,119.4797682,319.2207504,0.9830204917
0.01435864921,0.0006992348193,2.970646217e-05,71.53551157,119.5407415,319.942572,0.9831058091
0.01452831389,0.0005848254744,2.549019024e-05,71.53549636,119.5463626,320.2806199,0.9831994886
0.01469797858,0.0004771531218,2.355765667e-05,71.53782949,119.4943146,320.1099832,0.9833024704
0.01486764326,0.0003980463148,2.30158498e-05,71.5407291,119.3934838,319.4098678,0.9834229306
0.01501609986,0.0003929601648,2.301219577e-05,71.54121928,119.2792377,318.4395874,0.9835463553
0.01518576455,0.0004025143041,2.256287621e-05,71.54124687,119.111522,317.0604685,0.9837090585
0.01535542924,0.0003564128815,2.128732407e-05,71.54096686,118.9384759,315.5368288,0.9838800268
0.01552509392,0.0003059950374,1.914432568e-05,71.53944374,118.7819316,313.9736411,0.984039416
0.01569475861,0.0002629542175,1.624099119e-05,71.5410471,118.6500824,312.4346197,0.984176383
0.01586442329,0.000207840304,1.306313905e-05,71.53486997,118.5490057,310.9481282,0.9842858359
0.01603408798,0.0001640167701,1.141175835e-05,71.54402222,118.4802098,309.5502759,0.9843656038
0.01620375266,0.0002099477369,1.295200451e-05,71.54070438,118.4451898,308.2625806,0.984413255
0.01635220926,0.0002984912753,1.551780608e-05,71.54144982,118.4434673,307.2773461,0.9844283727
0.01652187395,0.0003732714088,1.780839661e-05,71.54166374,118.4686189,306.3729319,0.9844124512
0.01669153863,0.0004151365088,1.875359205e-05,71.54195596,118.5127577,305.7393603,0.9843638318
0.01686120332,0.0004279601,1.858338793e-05,71.54284987,118.5660439,305.3603585,0.9842929415
0.017030868,0.0004162405162,1.751251297e-05,71.54513149,118.6045019,305.1531075,0.9842168195
0.01720053269,0.0004700087409,1.713606202e-05,71.55165993,118.6078464,304.980619,0.9841443033
0.01737019738,0.0005956260389,2.017273604e-05,71.55567777,118.5576658,304.6997622,0.9840876109
0.01753986206,0.0007399286871,2.476771114e-05,71.56286171,118.4545748,304.2081961,0.9840349529
0.01768831866,0.0008479283069,2.918911325e-05,71.57162566,118.3303201,303.569857,0.9839764024
0.01785798335,0.0009128019289,3.411083927e-05,71.5786088,118.1574847,302.6243001,0.9839134416
0.01802764803,0.0009023205548,3.785822874e-05,71.58282023,117.9595175,301.5084084,0.9838482751
0.01819731272,0.0008462935999,4.022765375e-05,71.58916483,117.7488486,300.2851588,0.9837905023
0.0183669774,0.0007901476796,4.109648362e-05,71.59442623,117.5359473,298.983851,0.9836055493
0.01853664209,0.0007601903824,4.036967338e-05,71.60022511,117.3338152,297.6131434,0.9833182661
0.01870630677,0.0007345950879,3.835038092e-05,71.60638336,117.1542679,296.1766263,0.9830285453
0.01885476337,0.0006937409465,3.586002447e-05,71.60605625,117.0247594,294.8879457,0.9827740998
0.01902442806,0.000625957295,3.238808939e-05,71.61109933,116.9103884,293.4501484,0.9824757923
0.01919409274,0.000537435426,2.857188094e-05,71.61769282,116.8284959,292.1642122,0.9821744709
0.01936375743,0.0004455388238,2.55286852e-05,71.61446063,116.7806562,291.1556327,0.9818815996
0.01953342211,0.0003614333978,2.364268797e-05,71.61363375,116.7653079,290.507094,0.9816029619
0.0197030868,0.000318568634,2.232641111e-05,71.61381654,116.7895674,290.2232126,0.9813425282
0.01987275149,0.0003045162172,2.154453197e-05,71.61662235,116.8424865,290.2295341,0.9811053145
0.02004241782,0.0002936246403,2.054797294e-05,71.61626165,116.9072383,290.407161,0.9808940878
0.02019088017,0.0002746327341,1.958588556e-05,71.61772071,116.9585541,290.6110348,0.9807326071
0.02036055143,0.0002511004886,1.834893932e-05,71.61764054,116.9984898,290.8269149,0.9805763443
0.02053022269,0.0002236140569,1.706074067e-05,71.61908862,117.0082781,290.9867052,0.9804520058
0.02069989396,0.0001934102055,1.625201718e-05,71.62536567,116.9881501,291.076546,0.9803600258
0.02086956522,0.0001731832395,1.64957909e-05,71.61993648,116.9409018,291.0972718,0.9803033956
0.02103923648,0.0001647295031,1.822107837e-05,71.62428676,116.8716652,291.0599175,0.9802784491
0.02120890774,0.0001890233273,1.961951155e-05,71.62604054,116.7850102,290.9332998,0.9802772274
0.021378579,0.0002019099788,2.038916141e-05,71.62653806,116.6869588,290.6800244,0.9803014987
0.02152704136,0.0002239121626,2.037108688e-05,71.627305,116.6018111,290.3371111,0.9803449433
0.02169671262,0.0002329365008,1.962733044e-05,71.62838606,116.5157303,289.8191737,0.9804214948
0.02186638388,0.0002266249514,1.825960642e-05,71.62745882,116.4478238,289.2280766,0.9805210634
0.02203605514,0.0002497502527,1.726111596e-05,71.62529888,116.4048809,288.6560112,0.9806359817
0.02220572641,0.0003568018157,1.730434655e-05,71.62309168,116.3966403,288.1906837,0.9807628748
0.02237539767,0.0004390555034,1.801417584e-05,71.61885131,116.4167819,287.8843521,0.9809035273
0.02254506893,0.0005004381087,1.9348932e-05,71.61300666,116.4604189,287.7403349,0.98105135
0.02271474019,0.0005110672224,2.06609264e-05,71.6129002,116.5208629,287.719534,0.9811982842
0.02286320255,0.0004938616333,2.159259066e-05,71.61012595,116.584219,287.7553549,0.9813277887
0.02303287381,0.00045902259,2.214518155e-05,71.60758922,116.664693,287.8181675,0.9814794002
0.02320254507,0.0004328350948,2.209644341e-05,71.60503688,116.7466066,287.8938776,0.9816335466
0.02337221633,0.0004331898674,2.137374279e-05,71.60200199,116.8223473,287.9964398,0.9817894848
0.02354188759,0.00041471298,2.005502384e-05,71.59973148,116.8836282,288.1457984,0.9819459347
0.02371155885,0.000378885623,1.844055526e-05,71.60191941,116.9228692,288.336787,0.9820587741
0.02388123012,0.0003337547312,1.668134407e-05,71.59804296,116.9410183,288.5142649,0.9820897466
0.02402969247,0.0002906010161,1.51667581e-05,71.59589458,116.9407613,288.5912504,0.9821235786
0.02419936373,0.000247664635,1.383133453e-05,71.59672698,116.9207185,288.5160019,0.9821613402
0.02436903499,0.0002098405428,1.304385928e-05,71.5974951,116.8868822,288.2229354,0.9821995648
0.02453870626,0.000177842011,1.251462811e-05,71.59723707,116.8388447,287.725515,0.9822432748
0.02470837752,0.0001618911708,1.202850161e-05,71.59665644,116.7769425,287.0824889,0.982294779
0.02487804878,0.0001594299167,1.141611919e-05,71.59630822,116.7124453,286.3678782,0.9823500703
0.02504772004,0.0001516782483,1.064596194e-05,71.59651205,116.6528392,285.6460352,0.9824052423
0.0252173913,0.0001386558273,9.78366773e-06,71.59610741,116.6006864,284.9529188,0.982458283
0.02536585366,0.0001244678157,9.21054015e-06,71.59441736,116.566386,284.3706136,0.9825008408
0.02553552492,0.0001041320029,9.095389316e-06,71.59034738,116.54071,283.717545,0.9825424785
0.02570519618,9.737107367e-05,9.5208748e-06,71.5934931,116.5291062,283.0701743,0.9825721322
0.02587486744,0.0001172776181,1.001936351e-05,71.5954769,116.5296092,282.4292974,0.9825909624
0.02604453871,0.0001256318676,1.031986465e-05,71.59410774,116.5374381,281.8168318,0.9825997163
0.02621420997,0.0001371028568,1.021723907e-05,71.5921919,116.546691,281.2630866,0.9826004991
0.02638388123,0.0001433919494,9.628894869e-06,71.59272961,116.5522091,280.7912328,0.9825954643
0.02655355249,0.0001463480277,8.881185694e-06,71.59260898,116.5534683,280.3970933,0.982586751
0.02670201485,0.0001459869127,8.376832781e-06,71.59399702,116.5467695,280.0861225,0.9825798857
0.02687168611,0.0001800054853,8.398919222e-06,71.59597062,116.523209,279.7160888,0.9825759951
0.02704135737,0.0002382644683,9.448914759e-06,71.59813685,116.4819674,279.2756428,0.9825715154
0.02721102863,0.00028809515,1.09951075e-05,71.60186226,116.4231676,278.7353424,0.9825609416
0.02738069989,0.0003277780681,1.275851708e-05,71.60610124,116.3498641,278.1005298,0.9825439201
0.02755037116,0.000349328389,1.442323585e-05,71.60749479,116.2665219,277.4037403,0.9825220506
0.02772004242,0.0003458420489,1.567989488e-05,71.61006313,116.1775449,276.6858397,0.982497345
0.02788971368,0.0003240856123,1.632899246e-05,71.61204492,116.0856212,275.9744179,0.9824746886
0.02803817603,0.0003049849578,1.642466567e-05,71.61401083,116.0057963,275.3606658,0.982457509
0.0282078473,0.0002903479298,1.609112586e-05,71.61600165,115.9200091,274.6556323,0.9824372982
0.02837751856,0.0002850268594,1.551899831e-05,71.61726456,115.84367,273.9298381,0.9824029413
0.02854718982,0.0002705801261,1.475137391e-05,71.61880565,115.7795497,273.1842769,0.9822698783
0.02871686108,0.0002351541126,1.381357995e-05,71.6215704,115.7261593,272.4494572,0.9821338534
0.02888653234,0.0002018312251,1.295994602e-05,71.62277549,115.6807947,271.7772529,0.9819979919
0.02905620361,0.000184702118,1.231497532e-05,71.62223072,115.6425237,271.2140385,0.9818645274
0.02922587487,0.0001817443619,1.186794274e-05,71.62296277,115.6140283,270.7780297,0.9817350414
0.02937433722,0.0001796218302,1.157602829e-05,71.62497079,115.5978342,270.4910179,0.9816264453
0.02954400848,0.0001726160841,1.114676188e-05,71.62534158,115.5864211,270.2399434,0.9815100792
0.02971367975,0.0001589575437,1.069793029e-05,71.62608547,115.578197,270.0284543,0.9814043594
0.02988335101,0.0001428096088,1.032185624e-05,71.62635545,115.5694397,269.8173524,0.9813102804
0.03005302227,0.0001321043405,1.005714581e-05,71.62811483,115.555638,269.583709,0.9812282532
0.03022269353,0.0001225485775,9.990269276e-06,71.63050058,115.5334346,269.3227036,0.9811582872
0.03039236479,0.0001186610838,1.012194163e-05,71.63079546,115.5017483,269.035944,0.9811003401
0.03054082715,0.0001140202256,1.027586456e-05,71.63072248,115.468119,268.7695066,0.9810607823
0.03071049841,0.000107025347,1.054030202e-05,71.63201289,115.4244329,268.4532253,0.9810262096
0.03088016967,0.0001000401437,1.062075129e-05,71.63293059,115.378805,268.1201446,0.9810013757
0.03104984093,9.186640335e-05,1.050913214e-05,71.6333435,115.3329518,267.7600699,0.9809860294
0.0312195122,9.598086581e-05,1.024189665e-05,71.63388086,115.2891128,267.3694852,0.9809800107
0.03138918346,9.96595886e-05,9.627965184e-06,71.6339949,115.2502914,266.9583454,0.9809848023
0.03155885472,9.944690825e-05,9.045115739e-06,71.63365857,115.2195205,266.5467686,0.9810006596
0.03172852598,9.620523771e-05,8.720264979e-06,71.63325035,115.2014509,266.16189,0.9810231008
0.03187698834,0.0001168197706,8.752649692e-06,71.6329554,115.1928658,265.8675932,0.9810480826
0.0320466596,0.0001466537276,9.019755187e-06,71.63080674,115.1908807,265.5919787,0.9810832318
0.03221633086,0.0001596351648,9.389330466e-06,71.63004248,115.1955296,265.3787242,0.9811229705
0.03238600212,0.0001613680347,9.721547278e-06,71.62980093,115.2050693,265.2118759,0.9811666637
0.03255567338,0.0001686506984,9.942075922e-06,71.62886752,115.2179819,265.0696798,0.9812155024
0.03272534464,0.0001724404697,1.001671033e-05,71.62799334,115.2322314,264.9362223,0.9812686023
0.03289501591,0.0001693321642,9.88336371e-06,71.62704066,115.2457544,264.8039494,0.9813252712
0.03306468717,0.0001603084106,9.547454096e-06,71.62623806,115.2557572,264.673111,0.9813847728
0.03321314952,0.0001495371518,9.154487451e-06,71.62654702,115.2592106,264.5617617,0.981438417
0.03338282078,0.0001362516738,8.674460818e-06,71.6257576,115.2558383,264.4337819,0.9815000885
0.03355249205,0.0001230282054,8.169451035e-06,71.62527074,115.2449063,264.2891236,0.9815052542
0.03372216331,0.0001104992079,7.7392214e-06,71.62433967,115.2278151,264.1028399,0.9815139019
0.03389183457,9.939893102e-05,7.444389166e-06,71.62505332,115.2063461,263.8554912,0.9815239603
0.03406150583,9.192989167e-05,7.244153632e-06,71.62504198,115.1841304,263.5420448,0.9815354878
0.03423117709,9.382782732e-05,7.064412187e-06,71.62494253,115.1606718,263.1742697,0.9815489258
0.03440084836,9.339707784e-05,6.86183366e-06,71.62445999,115.1365305,262.7732027,0.9815645508
0.03454931071,9.127932645e-05,6.676704954e-06,71.62426064,115.1162623,262.4118956,0.9815792047
0.03471898197,8.743885204e-05,6.518121095e-06,71.624022,115.0947611,261.999976,0.9815960289
0.03488865323,8.130014771e-05,6.44805453e-06,71.62257345,115.0757697,261.5950963,0.981612148
0.0350583245,7.871009027e-05,6.465721139e-06,71.62192034,115.0602607,261.19751,0.9816263281
0.03522799576,8.109529071e-05,6.523859143e-06,71.62230444,115.0481192,260.8039439,0.9816377238
0.03539766702,8.185349406e-05,6.543703399e-06,71.62168164,115.0391295,260.4142052,0.981645824
0.03556733828,7.980578218e-05,6.439594557e-06,71.62202281,115.0320567,260.0353568,0.9816504643
0.03571580064,7.541054856e-05,6.225005363e-06,71.62186093,115.0259383,259.7200053,0.9816514335
0.0358854719,6.793495828e-05,5.898024841e-06,71.62175332,115.0178003,259.3850729,0.9816492026
0.03605514316,6.91539945e-05,5.554684441e-06,71.62181178,115.0074288,259.076627,0.9816443383
0.03622481442,7.016179345e-05,5.169219283e-06,71.62231005,114.9953208,258.7828886,0.9816212016
0.03639448568,6.89119384e-05,5.005397444e-06,71.62271518,114.9796977,258.4846016,0.9815892206
0.03656415695,7.77440793e-05,5.177617866e-06,71.62339354,114.957963,258.1613652,0.981558825
0.03673382821,0.0001006356314,5.623750049e-06,71.62443353,114.9302182,257.8010851,0.9815313642
0.03690349947,0.0001203114146,6.217810916e-06,71.62599331,114.8963691,257.4032203,0.9815072478
0.03705196182,0.0001300665053,6.691485046e-06,71.62719168,114.8631501,257.0320927,0.9814884253
0.03722163309,0.0001340624424,7.130789938e-06,71.62807345,114.8226943,256.5943909,0.981468769
0.03739130435,0.0001292277385,7.390365263e-06,71.62856214,114.7813414,256.1544945,0.9814504554
0.03756097561,0.000120822572,7.455539899e-06,71.6294899,114.7399771,255.7188939,0.9814332292
0.03773064687,0.0001114067952,7.351643318e-06,71.63044233,114.6999007,255.2861535,0.981416773
0.03790031813,0.0001067182072,7.181476969e-06,71.63102209,114.6624559,254.8508142,0.9814007363
0.0380699894,0.0001034733792,6.986714692e-06,71.63212323,114.628996,254.4105207,0.9813848105
0.03823966066,9.871179719e-05,6.775491412e-06,71.63248888,114.5992818,253.9707296,0.9813684833
0.03838812301,9.286137367e-05,6.617288411e-06,71.63302494,114.5757591,253.5970675,0.9813533878
0.03855779427,9.055380164e-05,6.475187987e-06,71.63356804,114.5509606,253.1963633,0.9813346751
0.03872746554,8.939294084e-05,6.36228561e-06,71.63407343,114.5283116,252.8329346,0.981314184
0.0388971368,8.906010713e-05,6.287815445e-06,71.63464706,114.5078311,252.5066432,0.9812920419
0.03906680806,8.800208286e-05,6.241554829e-06,71.63516767,114.4890867,252.2083033,0.9812686907
0.03923647932,8.556273601e-05,6.198349042e-06,71.63576874,114.471222,251.9245755,0.9812448967
0.03940615058,8.161011759e-05,6.159111219e-06,71.63644425,114.4531384,251.6439022,0.981221356
0.03957582185,7.837102203e-05,6.158681384e-06,71.63725699,114.4336612,251.35996,0.9811986977
0.0397242842,7.654827662e-05,6.188528543e-06,71.63779756,114.4148129,251.1079696,0.9811800271
0.03989395546,7.535017292e-05,6.236733358e-06,71.63856291,114.39132,250.8180114,0.9811601065
0.04006362672,7.430016097e-05,6.266375786e-06,71.63952721,114.3665497,250.5284678,0.981141761
0.04023329799,7.166819339e-05,6.274466068e-06,71.63946937,114.3413127,250.2396526,0.9811248897
0.04040296925,6.738728836e-05,6.224571384e-06,71.64002601,114.3159404,249.9496373,0.9811095279
0.04057264051,6.164919076e-05,6.126156615e-06,71.64050407,114.291167,249.6544349,0.9810957629
0.04074231177,5.647822243e-05,5.958565051e-06,71.64094649,114.2673442,249.3523761,0.9810834659
0.04091198303,5.521145841e-05,5.709464719e-06,71.64109532,114.244629,249.0454351,0.9810722088
0.04106044539,5.600334697e-05,5.491553414e-06,71.64132295,114.2260168,248.7766833,0.9810627735
0.04123011665,5.607032684e-05,5.282136866e-06,71.64131964,114.2070854,248.4752488,0.9810519396
0.04139978791,5.59844402e-05,5.171252597e-06,71.64130658,114.1913133,248.1863519,0.9810405231
0.04156945917,6.258870365e-05,5.154947133e-06,71.64122272,114.1788799,247.9149747,0.9810280229
0.04173913043,6.830827211e-05,5.199691335e-06,71.64109934,114.1698352,247.6624376,0.9810142171
0.0419088017,7.258384577e-05,5.248482627e-06,71.64083036,114.1631862,247.4269619,0.9809991471
0.04207847296,7.518043604e-05,5.276026833e-06,71.64059726,114.1578165,247.2055657,0.980982995
0.04222693531,7.606980751e-05,5.261831129e-06,71.64041481,114.1532621,247.0208268,0.9809681661
0.04239660657,7.563591878e-05,5.19181641e-06,71.64024964,114.1471363,246.8169084,0.9809506779
0.04256627784,7.394803934e-05,5.067196261e-06,71.64013356,114.1393156,246.6172091,0.9809328976
0.0427359491,7.137469126e-05,4.918844781e-06,71.64001188,114.1295661,246.4179408,0.9809151453
0.04290562036,6.823146785e-05,4.760966922e-06,71.63990591,114.1177401,246.214915,0.9808977985
0.04307529162,6.491072863e-05,4.620197543e-06,71.63990804,114.1040716,246.0033068,0.980881249
0.04324496288,6.194805432e-05,4.503073792e-06,71.63997747,114.0889335,245.7790222,0.9808657724
0.04341463415,5.969665345e-05,4.412159512e-06,71.64004992,114.0725239,245.5403511,0.9808514224
0.0435630965,5.833702372e-05,4.348026777e-06,71.64010314,114.0574643,245.3204004,0.9808396691
0.04373276776,5.733293e-05,4.289688516e-06,71.64012783,114.0400356,245.0588659,0.9808268691
0.04390243902,5.678517131e-05,4.253064681e-06,71.64012231,114.0229481,244.7902407,0.9808143819
0.04407211029,5.662425248e-05,4.241492019e-06,71.64000284,114.0066769,244.5183918,0.9808018263
0.04424178155,5.680883728e-05,4.2522775e-06,71.63973089,113.9916219,244.2461286,0.9807888568
0.04441145281,5.713480915e-05,4.266504259e-06,71.63945093,113.977787,243.9749335,0.9807752438
0.04458112407,5.718891383e-05,4.27097788e-06,71.63921462,113.9651271,243.705199,0.9807608871
0.04475079533,5.660852607e-05,4.250454964e-06,71.63923644,113.9534851,243.4370028,0.9807457381
0.04489925769,5.537989128e-05,4.200236446e-06,71.63913974,113.9439542,243.2040951,0.9807317798
0.04506892895,5.313197385e-05,4.099093793e-06,71.63905997,113.9332625,242.9414227,0.9807149591
0.04523860021,5.009236915e-05,3.963862647e-06,71.63901264,113.9224343,242.6839223,0.9806972284
0.04540827147,4.650622133e-05,3.805677137e-06,71.63901504,113.9113425,242.4315641,0.9806787566
0.04557794274,4.258397599e-05,3.646295818e-06,71.63916405,113.8999554,242.1822888,0.9806598338
0.045747614,3.943031914e-05,3.527568868e-06,71.63939949,113.8875775,241.9321889,0.9806407806
0.04591728526,3.914983932e-05,3.508104901e-06,71.63969488,113.8738478,241.6770639,0.9806219131
0.04608695652,3.865836649e-05,3.564890734e-06,71.63996991,113.8580321,241.4148193,0.9806034707
0.04623541888,3.874732757e-05,3.658798068e-06,71.64022756,113.8427013,241.178447,0.9805878822
0.04640509014,4.276977363e-05,3.805748962e-06,71.64062567,113.8239326,240.9000833,0.9805708553
0.0465747614,4.688079078e-05,3.944049092e-06,71.64114261,113.804073,240.6143873,0.9805546381
0.04674443266,5.039519154e-05,4.032876378e-06,71.64165423,113.7834185,240.3244742,0.9805389959
0.04691410392,5.220565946e-05,4.062057273e-06,71.64205647,113.7624577,240.033829,0.9805236465
0.04708377519,5.234603023e-05,4.063929724e-06,71.64240704,113.7416845,239.7449544,0.9805084108
0.04725344645,5.198741928e-05,4.050239455e-06,71.64272953,113.7216343,239.4590786,0.9804932032
0.0474019088,5.163901342e-05,4.030634262e-06,71.64303032,113.7047756,239.2118062,0.9804798537
0.04757158006,5.14056533e-05,4.007910779e-06,71.64336484,113.6864028,238.9327602,0.9804644704
0.04774125133,5.065672352e-05,3.983200316e-06,71.64364534,113.669016,238.6577417,0.9804489076
0.04791092259,4.965690571e-05,3.965269997e-06,71.64391433,113.6526548,238.3870029,0.9804331752
0.04808059385,4.871660995e-05,3.950602243e-06,71.64423129,113.6371652,238.1210887,0.9804173092
0.04825026511,4.827962441e-05,3.947121918e-06,71.64457449,113.6220774,237.8607868,0.9804013273
0.04841993637,4.817382113e-05,3.957353643e-06,71.64491598,113.6070004,237.6063594,0.9803852657
0.04858960764,4.813866757e-05,3.980232861e-06,71.64524823,113.5918104,237.3569683,0.980369225
0.04873806999,4.793893422e-05,4.000573075e-06,71.6455371,113.5784422,237.141533,0.9803553303
0.04890774125,4.752427284e-05,4.018327675e-06,71.64594592,113.5630363,236.8968156,0.9803397621
0.04907741251,4.701709652e-05,4.02899516e-06,71.64637853,113.5473183,236.6523692,0.9803246387
0.04924708378,4.637424869e-05,4.032675057e-06,71.64678596,113.5312575,236.4076154,0.9803100142
0.04941675504,4.55510397e-05,4.028275746e-06,71.64713732,113.5150254,236.1627545,0.980295891
0.0495864263,4.454589618e-05,4.012669842e-06,71.64741627,113.4988837,235.9186512,0.9802822342
0.04975609756,4.326594348e-05,3.978086477e-06,71.64771037,113.4830267,235.6764137,0.9802689943
0.04992576882,4.16320975e-05,3.923829233e-06,71.64798836,113.4675238,235.4366645,0.9802561223
0.05007423118,3.996597323e-05,3.862833987e-06,71.64818083,113.4543976,235.228936,0.9802451219
0.05024390244,3.746697599e-05,3.779007626e-06,71.64840159,113.4399012,234.9934871,0.9802328001
0.0504135737,3.724540813e-05,3.694868284e-06,71.6485917,113.4260803,234.7596654,0.9802206866
0.05058324496,3.728192371e-05,3.621452364e-06,71.64875101,113.4130476,234.5276621,0.9802086927
0.05075291622,3.716765902e-05,3.558596786e-06,71.64887503,113.4009796,234.2985924,0.9801966974
0.05092258749,3.693232154e-05,3.503470696e-06,71.64895688,113.3898372,234.074239,0.9801845662
0.05109225875,3.7778008e-05,3.458857422e-06,71.64897602,113.3795619,233.8562238,0.9801722006
0.05126193001,3.889831751e-05,3.426438323e-06,71.64899401,113.3699936,233.6448819,0.9801595923
0.05141039236,3.957967233e-05,3.396574766e-06,71.64904182,113.362117,233.4648109,0.9801483906
0.05158006363,4.011704487e-05,3.364612238e-06,71.649111,113.3534968,233.263391,0.9801354248
0.05174973489,4.037924187e-05,3.327607041e-06,71.64914501,113.3449903,233.0651815,0.980122326
0.05191940615,4.033134047e-05,3.284918508e-06,71.64917271,113.3365363,232.8686093,0.9801091997
0.05208907741,4.005284768e-05,3.243040446e-06,71.64925255,113.3280458,232.6726099,0.9800961667
0.05225874867,3.969189934e-05,3.205577002e-06,71.64935528,113.3192875,232.4768224,0.9800832843
0.05242841994,3.934950197e-05,3.172359577e-06,71.64944635,113.3101144,232.28106,0.980070573
0.0525980912,3.907229941e-05,3.143641778e-06,71.64952141,113.3006133,232.0846573,0.980058064
0.05274655355,3.892303828e-05,3.120965667e-06,71.64958444,113.2921958,231.9113846,0.9800473183
0.05291622481,3.889552749e-05,3.097834021e-06,71.64963949,113.2825981,231.7107941,0.9800352849
0.05308589608,3.898482816e-05,3.078461023e-06,71.64966066,113.2730829,231.5070656,0.9800234946
0.05325556734,3.907748193e-05,3.062251919e-06,71.6496651,113.2636889,231.3005239,0.980011891
0.0534252386,3.90768682e-05,3.046726378e-06,71.64966972,113.2544653,231.0920857,0.9800003925
0.05359490986,3.896010959e-05,3.031665369e-06,71.64968108,113.2454446,230.8830236,0.9799888962
0.05376458112,3.872593597e-05,3.01626456e-06,71.64973883,113.2365691,230.6745773,0.9799772965
0.05391304348,3.839835265e-05,2.998635179e-06,71.64972343,113.2288855,230.4932654,0.9799669988
0.05408271474,3.783194472e-05,2.968858517e-06,71.64970173,113.2201908,230.2874205,0.9799550261
0.054252386,3.704055701e-05,2.928632068e-06,71.64970371,113.2115898,230.0828748,0.9799428267
0.05442205726,3.604952819e-05,2.881227884e-06,71.6497275,113.2030575,229.879486,0.9799303934
0.05459172853,3.48872294e-05,2.830535163e-06,71.64974523,113.1944354,229.6772751,0.97991773
0.05476139979,3.356770153e-05,2.781784311e-06,71.64976964,113.1855585,229.4761429,0.9799048857
0.05493107105,3.293448974e-05,2.742644255e-06,71.64983337,113.176371,229.2756341,0.9798919467
0.05510074231,3.25568905e-05,2.707122535e-06,71.64993431,113.1668221,229.0750454,0.9798789954
0.05524920467,3.226320111e-05,2.677815745e-06,71.65004976,113.1581783,228.8988308,0.9798677018
0.05541887593,3.19490801e-05,2.650458411e-06,71.65019508,113.1479807,228.6961364,0.9798548725
0.05558854719,3.166187418e-05,2.636671665e-06,71.65033537,113.1374266,228.4918276,0.9798421574
0.05575821845,3.139281322e-05,2.640730418e-06,71.65048406,113.1264921,228.2858888,0.9798295968
0.05592788971,3.110954377e-05,2.653172949e-06,71.65066953,113.115426,228.0784524,0.9798172193
0.05609756098,3.075449078e-05,2.663705358e-06,71.65088321,113.1043198,227.8699102,0.9798050027
0.05626723224,3.032373497e-05,2.66596678e-06,71.65107931,113.0930646,227.6608706,0.979792883
0.0564369035,2.985850107e-05,2.662962458e-06,71.65123981,113.0817935,227.4518815,0.9797808078
0.05658536585,2.944749625e-05,2.657139349e-06,71.65138492,113.072166,227.269473,0.9797702584
0.05675503712,2.895607978e-05,2.648575699e-06,71.6515607,113.0615588,227.0621528,0.9797581918
0.05692470838,2.849872719e-05,2.640230556e-06,71.65169516,113.0511411,226.8567909,0.9797460739
0.05709437964,2.811952381e-05,2.637671036e-06,71.65183031,113.0407973,226.6537537,0.9797339024
0.0572640509,2.784032326e-05,2.64305093e-06,71.6519902,113.0305922,226.4527929,0.9797217121
0.05743372216,2.765645646e-05,2.651446364e-06,71.65217829,113.020463,226.2533763,0.9797095425
0.05760339343,2.755357933e-05,2.662321108e-06,71.65237762,113.010229,226.0549708,0.9796974275
0.05777306469,2.781751701e-05,2.675726419e-06,71.65257992,112.9998349,225.8571889,0.9796854068
0.05792152704,2.82254943e-05,2.690228758e-06,71.65276869,112.9905887,225.684529,0.9796749981
0.0580911983,2.87725104e-05,2.706842537e-06,71.65299947,112.9798678,225.4878186,0.979663248
0.05826086957,2.921480229e-05,2.717781786e-06,71.65324101,112.9690114,225.2921381,0.9796516506
0.05843054083,2.940847465e-05,2.72040854e-06,71.65346574,112.9580837,225.0978658,0.9796401898
0.05860021209,2.930278337e-05,2.714822052e-06,71.65367347,112.9471609,224.9051667,0.9796288549
0.05876988335,2.895981649e-05,2.702460599e-06,71.65386695,112.9363635,224.7139232,0.9796176479
0.05893955461,2.838217819e-05,2.683756813e-06,71.65404237,112.9257554,224.5239179,0.9796065726
0.05908801697,2.775039297e-05,2.664177361e-06,71.65418699,112.9166754,224.3585436,0.9795969902
0.05925768823,2.767897839e-05,2.639300233e-06,71.65434634,112.9065865,224.1705463,0.9795861542
0.05942735949,2.769318874e-05,2.612322471e-06,71.65449907,112.8968417,223.9838091,0.9795754212
0.05959703075,2.770176455e-05,2.58578784e-06,71.65463869,112.8873928,223.7986697,0.9795647642
0.05976670201,2.771376442e-05,2.560808604e-06,71.65476839,112.8782079,223.615433,0.9795541623
0.05993637328,2.773451996e-05,2.537258152e-06,71.65489305,112.8692785,223.4342707,0.9795436041
0.06010604454,2.776575623e-05,2.514748819e-06,71.65501363,112.8605572,223.2552061,0.9795330841
0.0602757158,2.781055e-05,2.493556502e-06,71.65512677,112.8520098,223.0781175,0.9795226039
0.06042417815,2.785966896e-05,2.47675499e-06,71.65522503,112.8446474,222.9245977,0.9795134754
0.06059384942,2.791883015e-05,2.45825297e-06,71.65533987,112.836379,222.750604,0.9795031002
0.06076352068,2.79723361e-05,2.439145384e-06,71.65545247,112.828194,222.5781327,0.9794927866
0.06093319194,2.802778417e-05,2.419330078e-06,71.65555362,112.8200367,222.4072408,0.9794825311
0.0611028632,2.809146564e-05,2.401291986e-06,71.65564835,112.8119376,222.2378608,0.97947234
0.06127253446,2.815615131e-05,2.383886379e-06,71.65574232,112.8039328,222.0697686,0.9794622239
0.06144220573,2.820783646e-05,2.36562759e-06,71.65583038,112.7960199,221.9026401,0.9794521895
0.06161187699,2.823914426e-05,2.347195296e-06,71.65590768,112.7882066,221.7360845,0.9794422435
0.06176033934,2.824694824e-05,2.331679781e-06,71.65597016,112.7814948,221.5905288,0.9794336197
0.0619300106,2.822560131e-05,2.314719393e-06,71.65604072,112.7740087,221.4242332,0.9794238534
0.06209968187,2.816277678e-05,2.29790864e-06,71.65610774,112.7667021,221.2581174,0.9794141643
0.06226935313,2.805631921e-05,2.280787614e-06,71.6561671,112.7595609,221.0924973,0.9794045223
0.06243902439,2.79083516e-05,2.26496174e-06,71.65621942,112.7525698,220.9276996,0.9793948966
0.06260869565,2.7727721e-05,2.24888748e-06,71.65626635,112.7457177,220.7639305,0.9793852638
0.06277836691,2.752349916e-05,2.232843268e-06,71.65631204,112.7390018,220.601218,0.9793756108
0.06294803818,2.730478245e-05,2.216338857e-06,71.65635912,112.7323949,220.4394762,0.9793659307
0.06309650053,2.710889048e-05,2.201419807e-06,71.65640058,112.7266713,220.2986603,0.9793574358
0.06326617179,2.688823858e-05,2.183871012e-06,71.65644878,112.7201547,220.1384536,0.9793477
0.06343584305,2.667822886e-05,2.165913489e-06,71.65649721,112.7136308,219.9789595,0.9793379412
0.06360551432,2.648331116e-05,2.147517378e-06,71.65654829,112.7070656,219.8201154,0.9793281698
0.06377518558,2.630542181e-05,2.12881715e-06,71.656603,112.7004324,219.6618082,0.9793184009
0.06394485684,2.614480877e-05,2.110039182e-06,71.6566617,112.6937186,219.503819,0.9793086536
0.0641145281,2.59985841e-05,2.092663861e-06,71.65672584,112.6869267,219.345836,0.97929895
0.06428419936,2.585573238e-05,2.075900444e-06,71.65680075,112.6800689,219.1875571,0.9792893088
0.06443266172,2.572530451e-05,2.061579509e-06,71.65686756,112.6740129,219.0487191,0.9792809289
0.06460233298,2.556520064e-05,2.046724526e-06,71.65694579,112.667019,218.8896741,0.9792714159
0.06477200424,2.538874253e-05,2.033300572e-06,71.65702761,112.6599748,218.7303685,0.9792619662
0.0649416755,2.5188879e-05,2.021265613e-06,71.65711359,112.6528965,218.5710243,0.9792525691
0.06511134677,2.496419592e-05,2.009941576e-06,71.65720092,112.6457778,218.4118726,0.9792432089
0.06528101803,2.472096164e-05,1.999368491e-06,71.6572862,112.6386338,218.253059,0.9792338726
0.06545068929,2.446714062e-05,1.99004696e-06,71.65737192,112.6314976,218.0946243,0.9792245525
0.06559915164,2.424051944e-05,1.982649978e-06,71.65744946,112.62528,217.9563202,0.9792164062
0.06576882291,2.398013271e-05,1.974642053e-06,71.65753995,112.6182062,217.7987061,0.9792071
0.06593849417,2.372412322e-05,1.967140909e-06,71.65763173,112.6111532,217.6417198,0.9791977916
0.06610816543,2.34801578e-05,1.96106549e-06,71.65772541,112.6040949,217.4855417,0.9791884788
0.06627783669,2.325543319e-05,1.956476711e-06,71.65782486,112.5970216,217.3302875,0.9791791665
0.06644750795,2.305200419e-05,1.95317955e-06,71.65793277,112.5899154,217.1759593,0.9791698646
0.06661717922,2.287130222e-05,1.950682654e-06,71.6580468,112.5827539,217.0224576,0.9791605843
0.06678685048,2.271463563e-05,1.949318727e-06,71.658164,112.5755388,216.8696109,0.9791513394
0.06693531283,2.25966241e-05,1.948834792e-06,71.65826927,112.5692091,216.7362719,0.9791432916
0.06710498409,2.247741443e-05,1.948393172e-06,71.65839418,112.5619704,216.5842711,0.9791341529
0.06727465536,2.236845546e-05,1.947037748e-06,71.65852024,112.5547131,216.4327431,0.9791250809
0.06744432662,2.226716376e-05,1.944639495e-06,71.65864445,112.5474207,216.2818233,0.9791160755
0.06761399788,2.217318569e-05,1.941192969e-06,71.65876692,112.5401177,216.1316241,0.9791071365
0.06778366914,2.208524468e-05,1.9364301e-06,71.65888801,112.5328431,215.9821899,0.9790982644
0.0679533404,2.200231288e-05,1.930045943e-06,71.6590061,112.5256243,215.8335114,0.9790894588
0.06812301166,2.192521409e-05,1.922410772e-06,71.65911954,112.5184779,215.685559,0.9790807187
0.06827147402,2.18634695e-05,1.91516647e-06,71.65921552,112.5122959,215.5566868,0.9790731243
0.06844114528,2.179867983e-05,1.906547419e-06,71.6593234,112.5053247,215.4101108,0.9790645039
0.06861081654,2.173798467e-05,1.897652717e-06,71.65943013,112.4984493,215.2643848,0.9790559422
0.0687804878,2.1680272e-05,1.888553733e-06,71.65953512,112.4916544,215.1196307,0.9790474333
0.06895015907,2.162604615e-05,1.879302381e-06,71.65963833,112.4849331,214.9759369,0.9790389724
0.06911983033,2.15756649e-05,1.869761597e-06,71.65974075,112.4782883,214.8333314,0.9790305576
0.06928950159,2.152867241e-05,1.859748806e-06,71.65984224,112.471721,214.6917964,0.9790221885
0.06945917285,2.148490166e-05,1.849282272e-06,71.65994184,112.4652272,214.5512957,0.9790138655
0.06960763521,2.144922997e-05,1.839882929e-06,71.66002721,112.4596021,214.4291817,0.9790066213
0.06977730647,2.141105951e-05,1.828997421e-06,71.66012276,112.4532365,214.2905542,0.9789983863
0.06994697773,2.137566641e-05,1.818063933e-06,71.66021528,112.4469411,214.1529214,0.9789901984
0.07011664899,2.134269612e-05,1.807183902e-06,71.66030549,112.4407168,214.0162657,0.9789820584
0.07028632025,2.131035407e-05,1.795938433e-06,71.66039388,112.4345785,213.8805436,0.9789739671
0.07045599152,2.127741287e-05,1.784373652e-06,71.66047745,112.4285154,213.7457031,0.9789659241
0.07062566278,2.124603363e-05,1.772618356e-06,71.66055644,112.4225262,213.6116684,0.9789579306
0.07077412513,2.121948601e-05,1.762520674e-06,71.6606236,112.4173579,213.4949804,0.9789509792
0.07094379639,2.118693753e-05,1.751070123e-06,71.66069974,112.4115351,213.3622448,0.9789430845
0.07111346766,2.114904448e-05,1.739482249e-06,71.66077347,112.4057928,213.2301491,0.9789352406
0.07128313892,2.110415455e-05,1.728036759e-06,71.66084441,112.4001258,213.0986819,0.9789274438
0.07145281018,2.105121141e-05,1.716799914e-06,71.66091331,112.3945328,212.9678372,0.9789196904
0.07162248144,2.098895303e-05,1.705666587e-06,71.66098019,112.389011,212.8376221,0.9789119756
0.0717921527,2.091703705e-05,1.694602597e-06,71.66104461,112.3835507,212.7080566,0.9789042939
0.07196182397,2.083663247e-05,1.683647354e-06,71.66110665,112.3781432,212.5791569,0.9788966404
0.07211028632,2.076037356e-05,1.674198323e-06,71.66115968,112.3734521,212.4669149,0.978889964
0.07227995758,2.066719052e-05,1.663488836e-06,71.66121959,112.3681341,212.3392476,0.9788823552
0.07244962884,2.056854473e-05,1.652762779e-06,71.66127872,112.3628571,212.2122092,0.9788747673
0.07261930011,2.046604753e-05,1.642057779e-06,71.66133703,112.3576146,212.0857705,0.9788671997
0.07278897137,2.036114407e-05,1.631450396e-06,71.66139521,112.3524004,211.9598925,0.9788596529
0.07295864263,2.025448922e-05,1.620953992e-06,71.66145349,112.3472081,211.8345284,0.9788521284
0.07312831389,2.014635155e-05,1.610553698e-06,71.6615119,112.3420303,211.7096284,0.978844628
0.07329798515,2.003678689e-05,1.600288127e-06,71.66157058,112.3368616,211.585143,0.9788371536
0.07344644751,1.99395908e-05,1.591487993e-06,71.66162236,112.3323443,211.4765232,0.9788306361
0.07361611877,1.982642564e-05,1.581689291e-06,71.66168234,112.3271863,211.3527043,0.9788232149
0.07378579003,1.971018701e-05,1.572164544e-06,71.66174324,112.3220308,211.2292087,0.9788158233
0.07395546129,1.959020109e-05,1.56290832e-06,71.66180488,112.3168762,211.1060359,0.978808461
0.07412513256,1.946629538e-05,1.55391835e-06,71.66186715,112.3117239,210.9831966,0.9788011267
0.07429480382,1.933871138e-05,1.545166286e-06,71.66193002,112.3065774,210.8607071,0.9787938191
0.07446447508,1.920814993e-05,1.53660468e-06,71.66199333,112.3014396,210.7385883,0.9787865367
0.07463414634,1.907585611e-05,1.528213512e-06,71.66205704,112.2963117,210.616862,0.9787792779
0.0747826087,1.895983246e-05,1.521022796e-06,71.66211332,112.2918326,210.5106875,0.9787729452
0.07495227996,1.882807851e-05,1.512999524e-06,71.66217867,112.2867215,210.38974,0.9787657291
0.07512195122,1.869814186e-05,1.505209938e-06,71.66224548,112.281616,210.2692194,0.9787585363
0.07529162248,1.857068428e-05,1.49768867e-06,71.66231395,112.2765125,210.1491283,0.9787513677
0.07546129374,1.844611542e-05,1.490465282e-06,71.6623841,112.2714073,210.0294688,0.9787442245
0.07563096501,1.832472593e-05,1.483633719e-06,71.66245579,112.266297,209.9102451,0.9787371081
0.07580063627,1.820691517e-05,1.47742037e-06,71.66252891,112.2611822,209.7914596,0.9787300205
0.07597030753,1.809215187e-05,1.471829103e-06,71.66260391,112.2560666,209.6731114,0.9787229637
0.07611876988,1.799363187e-05,1.467355752e-06,71.66267082,112.2515845,209.5699184,0.9787168152
0.07628844115,1.788342214e-05,1.462422968e-06,71.66274771,112.2464588,209.4524002,0.9787098193
0.07645811241,1.77749096e-05,1.457591538e-06,71.66282598,112.2413401,209.3353274,0.9787028575
0.07662778367,1.766721928e-05,1.452612472e-06,71.66290466,112.2362333,209.2187202,0.9786959293
0.07679745493,1.756083603e-05,1.44749296e-06,71.66298263,112.2311415,209.1026134,0.9786890333
0.07696712619,1.745698624e-05,1.442249927e-06,71.66305987,112.2260721,208.987046,0.9786821687
0.07713679745,1.735669125e-05,1.436819616e-06,71.66313687,112.2210333,208.8720566,0.9786753347
0.07728525981,1.727271707e-05,1.431888826e-06,71.6632041,112.2166507,208.7719385,0.9786693799
0.07745493107,1.718223311e-05,1.426124918e-06,71.66328007,112.2116707,208.6580973,0.9786626034
0.07762460233,1.709876316e-05,1.420363895e-06,71.66335561,112.206722,208.5448654,0.9786558594
0.07779427359,1.702251683e-05,1.414631379e-06,71.66343138,112.2018072,208.4322177,0.9786491503
0.07796394486,1.69524765e-05,1.408848091e-06,71.66350735,112.1969241,208.3201339,0.9786424782
0.07813361612,1.688766195e-05,1.402979615e-06,71.66358295,112.1920677,208.208609,0.9786358445
0.07830328738,1.682718368e-05,1.39704127e-06,71.66365829,112.1872363,208.0976495,0.97862925
0.07847295864,1.676973828e-05,1.391001214e-06,71.66373336,112.1824311,207.9872689,0.978622695
0.078621421,1.672101886e-05,1.385564253e-06,71.6637986,112.178249,207.8911727,0.9786169918
0.07879109226,1.666637424e-05,1.379124752e-06,71.66387217,112.1734968,207.7819113,0.9786105104
0.07896076352,1.661233153e-05,1.372447945e-06,71.66394442,112.1687782,207.6732481,0.9786040678
0.07913043478,1.655848479e-05,1.365558558e-06,71.66401533,112.164099,207.5651752,0.9785976635
0.07930010604,1.650434324e-05,1.358482878e-06,71.6640849,112.1594633,207.4576868,0.978591297
0.07946977731,1.644950806e-05,1.35127449e-06,71.66415305,112.154873,207.3507861,0.9785849669
0.07963944857,1.639379107e-05,1.343976549e-06,71.66421983,112.1503322,207.2444834,0.9785786718
0.07980911983,1.633679492e-05,1.336554398e-06,71.66428553,112.1458435,207.1387956,0.9785724097
0.07995758218,1.628657719e-05,1.329935694e-06,71.66434134,112.1419553,207.0468362,0.9785669558
0.08012725345,1.622974972e-05,1.322377506e-06,71.66440365,112.1375554,206.9423305,0.9785607512
0.08029692471,1.617394209e-05,1.314861814e-06,71.66446522,112.1332037,206.8384385,0.9785545771
0.08046659597,1.611866406e-05,1.30734275e-06,71.66452635,112.1288973,206.7351326,0.9785484339
0.08063626723,1.606339722e-05,1.2997917e-06,71.66458666,112.1246304,206.6323848,0.9785423216
0.08080593849,1.600816433e-05,1.292346948e-06,71.66464594,112.1204009,206.5301709,0.9785362401
0.08097560976,1.595262488e-05,1.285017671e-06,71.66470466,112.1162081,206.4284724,0.9785301897
0.08114528102,1.589567636e-05,1.277732433e-06,71.66476276,112.1120494,206.3272855,0.9785241696
0.08129374337,1.58442758e-05,1.271348496e-06,71.66481271,112.1084344,206.2391708,0.9785189259
0.08146341463,1.578403284e-05,1.264065058e-06,71.66486858,112.1043282,206.1389497,0.9785129594
0.0816330859,1.572233253e-05,1.256838154e-06,71.66492347,112.1002503,206.0392252,0.9785070206
0.08180275716,1.565896075e-05,1.249623303e-06,71.66497757,112.096202,205.9399734,0.9785011094
0.08197242842,1.559391455e-05,1.24237927e-06,71.66503068,112.0921827,205.8411728,0.9784952254
0.08214209968,1.552743203e-05,1.235145506e-06,71.66508279,112.0881912,205.7428071,0.9784893681
0.08231177094,1.545954843e-05,1.2279644e-06,71.6651343,112.0842267,205.644866,0.9784835373
0.0824602333,1.539876957e-05,1.221719978e-06,71.66517916,112.0807784,205.5595119,0.9784784566
0.08262990456,1.532743631e-05,1.214623416e-06,71.6652302,112.0768584,205.4623545,0.9784726737
0.08279957582,1.525406623e-05,1.207597978e-06,71.66528097,112.0729587,205.365607,0.9784669156
0.08296924708,1.517878106e-05,1.200681689e-06,71.6653316,112.0690782,205.2692585,0.9784611817
0.08313891835,1.510154667e-05,1.193881582e-06,71.66538225,112.0652159,205.1732977,0.9784554717
0.08330858961,1.502225464e-05,1.187190712e-06,71.66543293,112.0613702,205.0777182,0.9784497851
0.08347826087,1.494101193e-05,1.180618638e-06,71.66548364,112.0575392,204.9825206,0.9784441211
0.08364793213,1.48580777e-05,1.17417563e-06,71.66553445,112.0537223,204.8877089,0.9784384791
0.08379639449,1.478435242e-05,1.168635199e-06,71.66557903,112.0503934,204.8050701,0.9784335599
0.08396606575,1.469917804e-05,1.162398312e-06,71.6656301,112.0466004,204.7109973,0.9784279575
0.08413573701,1.461362328e-05,1.156260386e-06,71.66568131,112.0428185,204.617321,0.9784223758
0.08430540827,1.452827322e-05,1.15022923e-06,71.66573277,112.0390474,204.5240352,0.9784168151
0.08447507953,1.444354212e-05,1.144306938e-06,71.66578458,112.0352871,204.4311306,0.9784112758
0.0846447508,1.435966771e-05,1.138491741e-06,71.6658368,112.0315368,204.3385987,0.9784057585
0.08481442206,1.42767707e-05,1.13278799e-06,71.6658894,112.0277956,204.2464351,0.9784002639
0.08498409332,1.419493887e-05,1.127202925e-06,71.66594243,112.0240622,204.1546397,0.9783947922
0.08513255567,1.412423503e-05,1.122409363e-06,71.66598923,112.0208011,204.0746227,0.9783900237
0.08530222694,1.404442679e-05,1.117060505e-06,71.6660431,112.01708,203.9835239,0.9783845962
0.0854718982,1.396575376e-05,1.111842932e-06,71.66609733,112.0133677,203.8927981,0.9783791928
0.08564156946,1.388814351e-05,1.106744331e-06,71.6661519,112.0096662,203.8024432,0.9783738139
0.08581124072,1.381154176e-05,1.101721333e-06,71.66620661,112.0059765,203.7124595,0.9783684597
0.08598091198,1.373600524e-05,1.096773592e-06,71.66626131,112.0022994,203.6228506,0.9783631304
0.08615058324,1.36615967e-05,1.091898277e-06,71.66631607,111.9986361,203.5336236,0.9783578259
0.08632025451,1.358826824e-05,1.087072838e-06,71.66637095,111.9949874,203.4447875,0.9783525462
0.08646871686,1.352499916e-05,1.082889749e-06,71.66641902,111.9918065,203.3673847,0.9783479465
0.08663838812,1.345388568e-05,1.078160107e-06,71.66647392,111.9881854,203.2793067,0.9783427128
0.08680805938,1.338419148e-05,1.073478272e-06,71.66652884,111.9845806,203.19164,0.9783375036
0.08697773065,1.331596149e-05,1.06881551e-06,71.66658378,111.9809932,203.1043862,0.9783323192
0.08714740191,1.324921164e-05,1.064158071e-06,71.66663862,111.9774234,203.0175471,0.9783271595
0.08731707317,1.318394176e-05,1.059505546e-06,71.66669334,111.9738715,202.9311256,0.9783220248
0.08748674443,1.312014332e-05,1.054856049e-06,71.6667479,111.9703379,202.8451265,0.978316915
0.08765641569,1.305784008e-05,1.05018898e-06,71.66680225,111.9668228,202.7595561,0.9783118301
0.08780487805,1.300458196e-05,1.046075306e-06,71.66684956,111.9637626,202.6850379,0.9783074012
0.08797454931,1.294521606e-05,1.041331873e-06,71.6669033,111.9602833,202.6002833,0.978302363
0.08814422057,1.288748768e-05,1.036544477e-06,71.66695667,111.9568241,202.5159638,0.9782973499
0.08831389183,1.28313298e-05,1.031706601e-06,71.66700967,111.9533863,202.432075,0.9782923623
0.0884835631,1.277659585e-05,1.026819362e-06,71.66706224,111.9499707,202.3486131,0.9782874002
0.08865323436,1.272325605e-05,1.0218831e-06,71.66711428,111.9465774,202.2655758,0.9782824637
0.08882290562,1.267122819e-05,1.016907348e-06,71.6671658,111.9432067,202.1829628,0.9782775529
0.08897136797,1.262664559e-05,1.012521323e-06,71.66721049,111.9402761,202.1110246,0.978273277
0.08914103924,1.257658432e-05,1.007473045e-06,71.66726108,111.9369479,202.0292065,0.9782684144
0.0893107105,1.252726273e-05,1.002392814e-06,71.66731115,111.9336429,201.9478082,0.9782635772
0.08948038176,1.247846243e-05,9.972751132e-07,71.66736069,111.9303616,201.8668237,0.9782587656
0.08965005302,1.242998241e-05,9.921225463e-07,71.66740956,111.9271043,201.7862465,0.9782539793
0.08981972428,1.238164263e-05,9.869569866e-07,71.66745783,111.9238708,201.7060719,0.9782492181
0.08998939555,1.233322373e-05,9.81785032e-07,71.66750555,111.9206615,201.6262986,0.9782444815
0.09015906681,1.22844937e-05,9.766021318e-07,71.66755275,111.9174758,201.5469274,0.978239769
0.09030752916,1.22415065e-05,9.720587626e-07,71.6675936,111.9147073,201.4778076,0.978235665
0.09047720042,1.219194573e-05,9.668698202e-07,71.66763974,111.9115647,201.3991879,0.9782309963
0.09064687169,1.214186167e-05,9.616894898e-07,71.66768535,111.9084452,201.3209623,0.9782263504
0.09081654295,1.209120847e-05,9.565143179e-07,71.66773044,111.9053484,201.2431249,0.9782217269
0.09098621421,1.204005863e-05,9.513554569e-07,71.66777498,111.9022741,201.1656701,0.9782171253
0.09115588547,1.198843448e-05,9.462252809e-07,71.66781905,111.8992216,201.0885928,0.9782125453
0.09132555673,1.19362663e-05,9.411283325e-07,71.66786275,111.8961907,201.0118894,0.9782079866
0.091495228,1.188354631e-05,9.360476771e-07,71.66790604,111.8931803,200.9355577,0.9782034487
0.09164369035,1.183706445e-05,9.316168993e-07,71.66794354,111.8905621,200.8690695,0.9781994948
0.09181336161,1.178366497e-05,9.265835134e-07,71.66798602,111.8875871,200.793423,0.9781949951
0.09198303287,1.17299958e-05,9.215865524e-07,71.66802821,111.8846298,200.718132,0.9781905157
0.09215270414,1.167602259e-05,9.166203555e-07,71.66807014,111.8816893,200.6431884,0.9781860565
0.0923223754,1.162174781e-05,9.116885611e-07,71.66811181,111.8787644,200.5685852,0.9781816173
0.09249204666,1.156718046e-05,9.068017354e-07,71.66815325,111.8758544,200.4943164,0.9781771982
0.09266171792,1.15122629e-05,9.0196227e-07,71.66819452,111.8729588,200.4203778,0.978172799
0.09283138918,1.145693376e-05,8.971667172e-07,71.66823564,111.8700768,200.3467672,0.9781684196
0.09297985154,1.140818982e-05,8.930081935e-07,71.6682715,111.8675658,200.2826248,0.9781646036
0.0931495228,1.135212728e-05,8.883043088e-07,71.66831236,111.8647078,200.2096211,0.9781602607
0.09331919406,1.129567486e-05,8.836543729e-07,71.66835314,111.8618624,200.136935,0.9781559372
0.09348886532,1.123882597e-05,8.790556374e-07,71.66839384,111.8590294,200.0645627,0.9781516329
0.09365853659,1.118161836e-05,8.745075038e-07,71.66843447,111.8562085,199.992502,0.9781473475
0.09382820785,1.112411431e-05,8.700127118e-07,71.66847503,111.8533996,199.9207526,0.9781430809
0.09399787911,1.106637854e-05,8.655723411e-07,71.66851558,111.8506025,199.8493155,0.9781388329
0.09414634146,1.101573093e-05,8.617305799e-07,71.66855106,111.8481643,199.787065,0.978135131
0.09431601273,1.095780918e-05,8.573893043e-07,71.66859163,111.8453884,199.7162159,0.9781309173
0.09448568399,1.090000282e-05,8.531013351e-07,71.66863221,111.8426234,199.6456803,0.9781267217
0.09465535525,1.084246912e-05,8.488651756e-07,71.66867283,111.8398691,199.5754567,0.9781225441
0.09482502651,1.078533029e-05,8.446885039e-07,71.66871347,111.8371253,199.5055437,0.9781183848
0.09499469777,1.072867957e-05,8.405711601e-07,71.66875416,111.8343921,199.4359401,0.9781142436
0.09516436903,1.067258822e-05,8.365118675e-07,71.66879489,111.83167,199.3666455,0.9781101208
0.0953340403,1.061711128e-05,8.325029954e-07,71.66883565,111.8289586,199.2976592,0.9781060165
0.09548250265,1.056908329e-05,8.290330543e-07,71.66887131,111.8265951,199.2375489,0.9781024404
0.09565217391,1.05148093e-05,8.251085358e-07,71.66891206,111.823904,199.1691403,0.9780983708
0.09582184517,1.046123937e-05,8.212224216e-07,71.66895277,111.8212238,199.1010397,0.9780943199
0.09599151644,1.040841839e-05,8.173683513e-07,71.66899345,111.8185548,199.0332472,0.9780902878
0.0961611877,1.035635448e-05,8.135417028e-07,71.66903408,111.815897,198.9657627,0.9780862746
0.09633085896,1.030502926e-05,8.097415458e-07,71.66907461,111.8132508,198.8985865,0.9780822802
0.09650053022,1.025443323e-05,8.059674835e-07,71.66911506,111.8106165,198.8317191,0.9780783049
0.09667020148,1.020453315e-05,8.022129934e-07,71.66915542,111.8079945,198.7651608,0.9780743486
0.09681866384,1.016140041e-05,7.989392882e-07,71.66919064,111.8057103,198.7071763,0.9780709024
0.0969883351,1.011268094e-05,7.952124416e-07,71.66923077,111.8031116,198.6411993,0.9780669817
0.09715800636,1.006453795e-05,7.915014553e-07,71.66927076,111.8005258,198.5755335,0.97806308
0.09732767762,1.001693224e-05,7.878007373e-07,71.66931059,111.7979532,198.5101801,0.978059197
0.09749734889,9.969859295e-06,7.841041678e-07,71.66935023,111.7953943,198.4451409,0.9780553327
0.09766702015,9.923332396e-06,7.80409031e-07,71.66938966,111.7928491,198.3804169,0.978051487
0.09783669141,9.877362923e-06,7.767140653e-07,71.66942886,111.790318,198.3160091,0.9780476598
0.09800636267,9.831972471e-06,7.73018288e-07,71.66946783,111.787801,198.2519173,0.978043851
0.09815482503,9.792745552e-06,7.697816833e-07,71.66950174,111.7856105,198.1960958,0.9780405333
0.09832449629,9.748481863e-06,7.660772961e-07,71.66954024,111.7831207,198.1325947,0.9780367589
0.09849416755,9.704827218e-06,7.6236769e-07,71.66957848,111.7806453,198.0694068,0.9780330028
0.09866383881,9.661765046e-06,7.586539117e-07,71.66961645,111.7781846,198.0065305,0.978029265
0.09883351007,9.619253334e-06,7.549366796e-07,71.66965415,111.7757384,197.9439642,0.9780255454
0.09900318134,9.57724114e-06,7.512169555e-07,71.66969158,111.7733068,197.8817057,0.9780218441
0.0991728526,9.535667845e-06,7.474950827e-07,71.66972872,111.7708899,197.8197527,0.9780181611
0.09934252386,9.494464832e-06,7.437711353e-07,71.66976557,111.7684875,197.7581025,0.9780144961
0.09949098621,9.458663013e-06,7.405115572e-07,71.66979757,111.7663973,197.7044054,0.9780113041
0.09966065748,9.417969391e-06,7.367859978e-07,71.66983386,111.7640222,197.643317,0.978007673
0.09983032874,9.3774373e-06,7.330611545e-07,71.66986984,111.7616615,197.5825252,0.9780040597
0.1,9.336989243e-06,7.2933857e-07,71.66990552,111.7593154,197.5220277,0.978000464
